duration(Âµs),method,variant,query
78811,BinaryJoin,flatten,5
17325,Yannakakis,flatten,5
70622,BinaryJoin,flatten,5
15227,Yannakakis,flatten,5
69336,BinaryJoin,flatten,5
15560,Yannakakis,flatten,5
69405,BinaryJoin,flatten,5
15973,Yannakakis,flatten,5
70066,BinaryJoin,flatten,5
15924,Yannakakis,flatten,5
69390,BinaryJoin,flatten,5
15606,Yannakakis,flatten,5
70390,BinaryJoin,flatten,5
15464,Yannakakis,flatten,5
70411,BinaryJoin,flatten,5
16031,Yannakakis,flatten,5
69540,BinaryJoin,flatten,5
15795,Yannakakis,flatten,5
69351,BinaryJoin,flatten,5
15338,Yannakakis,flatten,5
25102,BinaryJoin,flatten,76
18248,Yannakakis,flatten,76
23686,BinaryJoin,flatten,76
17841,Yannakakis,flatten,76
23293,BinaryJoin,flatten,76
17752,Yannakakis,flatten,76
23298,BinaryJoin,flatten,76
18258,Yannakakis,flatten,76
23711,BinaryJoin,flatten,76
17582,Yannakakis,flatten,76
24482,BinaryJoin,flatten,76
17691,Yannakakis,flatten,76
22955,BinaryJoin,flatten,76
18431,Yannakakis,flatten,76
23715,BinaryJoin,flatten,76
17526,Yannakakis,flatten,76
23764,BinaryJoin,flatten,76
17441,Yannakakis,flatten,76
23025,BinaryJoin,flatten,76
17740,Yannakakis,flatten,76
2030797,BinaryJoin,flatten,123
276955,Yannakakis,flatten,123
1925612,BinaryJoin,flatten,123
273952,Yannakakis,flatten,123
1922974,BinaryJoin,flatten,123
275357,Yannakakis,flatten,123
1925388,BinaryJoin,flatten,123
274743,Yannakakis,flatten,123
1919187,BinaryJoin,flatten,123
273428,Yannakakis,flatten,123
1912661,BinaryJoin,flatten,123
272462,Yannakakis,flatten,123
1912994,BinaryJoin,flatten,123
273386,Yannakakis,flatten,123
1911423,BinaryJoin,flatten,123
272245,Yannakakis,flatten,123
1914250,BinaryJoin,flatten,123
272246,Yannakakis,flatten,123
1915093,BinaryJoin,flatten,123
272640,Yannakakis,flatten,123
12057,BinaryJoin,flatten,100
10285,Yannakakis,flatten,100
11628,BinaryJoin,flatten,100
10283,Yannakakis,flatten,100
11367,BinaryJoin,flatten,100
10873,Yannakakis,flatten,100
11413,BinaryJoin,flatten,100
11202,Yannakakis,flatten,100
11755,BinaryJoin,flatten,100
10698,Yannakakis,flatten,100
11627,BinaryJoin,flatten,100
10512,Yannakakis,flatten,100
11712,BinaryJoin,flatten,100
10244,Yannakakis,flatten,100
11589,BinaryJoin,flatten,100
10342,Yannakakis,flatten,100
11378,BinaryJoin,flatten,100
10885,Yannakakis,flatten,100
11411,BinaryJoin,flatten,100
10875,Yannakakis,flatten,100
4330361,BinaryJoin,flatten,143
627413,Yannakakis,flatten,143
4107848,BinaryJoin,flatten,143
628621,Yannakakis,flatten,143
3950150,BinaryJoin,flatten,143
630987,Yannakakis,flatten,143
3958947,BinaryJoin,flatten,143
634488,Yannakakis,flatten,143
3966293,BinaryJoin,flatten,143
635519,Yannakakis,flatten,143
3975453,BinaryJoin,flatten,143
638069,Yannakakis,flatten,143
3976621,BinaryJoin,flatten,143
636647,Yannakakis,flatten,143
3974351,BinaryJoin,flatten,143
634737,Yannakakis,flatten,143
3967772,BinaryJoin,flatten,143
636994,Yannakakis,flatten,143
3975861,BinaryJoin,flatten,143
637915,Yannakakis,flatten,143
9909,BinaryJoin,flatten,90
5342,Yannakakis,flatten,90
10301,BinaryJoin,flatten,90
5200,Yannakakis,flatten,90
9261,BinaryJoin,flatten,90
5821,Yannakakis,flatten,90
9349,BinaryJoin,flatten,90
5019,Yannakakis,flatten,90
9430,BinaryJoin,flatten,90
5141,Yannakakis,flatten,90
9451,BinaryJoin,flatten,90
5233,Yannakakis,flatten,90
9253,BinaryJoin,flatten,90
4997,Yannakakis,flatten,90
9350,BinaryJoin,flatten,90
5111,Yannakakis,flatten,90
9247,BinaryJoin,flatten,90
5630,Yannakakis,flatten,90
9211,BinaryJoin,flatten,90
5116,Yannakakis,flatten,90
777510,BinaryJoin,flatten,47
113350,Yannakakis,flatten,47
777668,BinaryJoin,flatten,47
112432,Yannakakis,flatten,47
777767,BinaryJoin,flatten,47
113155,Yannakakis,flatten,47
779609,BinaryJoin,flatten,47
112160,Yannakakis,flatten,47
779993,BinaryJoin,flatten,47
113308,Yannakakis,flatten,47
778925,BinaryJoin,flatten,47
113709,Yannakakis,flatten,47
776929,BinaryJoin,flatten,47
112186,Yannakakis,flatten,47
776292,BinaryJoin,flatten,47
112983,Yannakakis,flatten,47
777471,BinaryJoin,flatten,47
113353,Yannakakis,flatten,47
778496,BinaryJoin,flatten,47
113583,Yannakakis,flatten,47
30864770,BinaryJoin,flatten,135
3992833,Yannakakis,flatten,135
30339581,BinaryJoin,flatten,135
3999441,Yannakakis,flatten,135
29913247,BinaryJoin,flatten,135
3984896,Yannakakis,flatten,135
30033761,BinaryJoin,flatten,135
3990688,Yannakakis,flatten,135
29930309,BinaryJoin,flatten,135
3997135,Yannakakis,flatten,135
30044213,BinaryJoin,flatten,135
3987161,Yannakakis,flatten,135
29942965,BinaryJoin,flatten,135
3997590,Yannakakis,flatten,135
30060838,BinaryJoin,flatten,135
3986483,Yannakakis,flatten,135
29933320,BinaryJoin,flatten,135
3984602,Yannakakis,flatten,135
30051117,BinaryJoin,flatten,135
3999448,Yannakakis,flatten,135
12371,BinaryJoin,flatten,86
10296,Yannakakis,flatten,86
11674,BinaryJoin,flatten,86
9933,Yannakakis,flatten,86
11587,BinaryJoin,flatten,86
10043,Yannakakis,flatten,86
11470,BinaryJoin,flatten,86
10121,Yannakakis,flatten,86
11564,BinaryJoin,flatten,86
10222,Yannakakis,flatten,86
11534,BinaryJoin,flatten,86
10293,Yannakakis,flatten,86
12143,BinaryJoin,flatten,86
10250,Yannakakis,flatten,86
12528,BinaryJoin,flatten,86
10161,Yannakakis,flatten,86
12281,BinaryJoin,flatten,86
10114,Yannakakis,flatten,86
12078,BinaryJoin,flatten,86
10069,Yannakakis,flatten,86
1911,BinaryJoin,flatten,41
1742,Yannakakis,flatten,41
1744,BinaryJoin,flatten,41
1872,Yannakakis,flatten,41
1753,BinaryJoin,flatten,41
1785,Yannakakis,flatten,41
1756,BinaryJoin,flatten,41
1733,Yannakakis,flatten,41
1740,BinaryJoin,flatten,41
1835,Yannakakis,flatten,41
1730,BinaryJoin,flatten,41
1726,Yannakakis,flatten,41
2098,BinaryJoin,flatten,41
1780,Yannakakis,flatten,41
1766,BinaryJoin,flatten,41
1673,Yannakakis,flatten,41
1725,BinaryJoin,flatten,41
1688,Yannakakis,flatten,41
1737,BinaryJoin,flatten,41
1665,Yannakakis,flatten,41
4800,BinaryJoin,flatten,55
4629,Yannakakis,flatten,55
4778,BinaryJoin,flatten,55
4421,Yannakakis,flatten,55
4803,BinaryJoin,flatten,55
4480,Yannakakis,flatten,55
4669,BinaryJoin,flatten,55
4415,Yannakakis,flatten,55
5066,BinaryJoin,flatten,55
4468,Yannakakis,flatten,55
4676,BinaryJoin,flatten,55
4417,Yannakakis,flatten,55
4936,BinaryJoin,flatten,55
4424,Yannakakis,flatten,55
4686,BinaryJoin,flatten,55
4420,Yannakakis,flatten,55
4829,BinaryJoin,flatten,55
4485,Yannakakis,flatten,55
4675,BinaryJoin,flatten,55
4702,Yannakakis,flatten,55
20671,BinaryJoin,flatten,4
5696,Yannakakis,flatten,4
19895,BinaryJoin,flatten,4
5614,Yannakakis,flatten,4
19669,BinaryJoin,flatten,4
5639,Yannakakis,flatten,4
19633,BinaryJoin,flatten,4
5745,Yannakakis,flatten,4
19603,BinaryJoin,flatten,4
6001,Yannakakis,flatten,4
20130,BinaryJoin,flatten,4
5600,Yannakakis,flatten,4
20010,BinaryJoin,flatten,4
5652,Yannakakis,flatten,4
19935,BinaryJoin,flatten,4
5593,Yannakakis,flatten,4
19981,BinaryJoin,flatten,4
5596,Yannakakis,flatten,4
19858,BinaryJoin,flatten,4
5652,Yannakakis,flatten,4
3058686,BinaryJoin,flatten,52
395762,Yannakakis,flatten,52
3064492,BinaryJoin,flatten,52
395961,Yannakakis,flatten,52
3062492,BinaryJoin,flatten,52
398682,Yannakakis,flatten,52
3063565,BinaryJoin,flatten,52
396873,Yannakakis,flatten,52
3059070,BinaryJoin,flatten,52
396842,Yannakakis,flatten,52
3064446,BinaryJoin,flatten,52
398409,Yannakakis,flatten,52
3062359,BinaryJoin,flatten,52
396229,Yannakakis,flatten,52
3064279,BinaryJoin,flatten,52
398252,Yannakakis,flatten,52
3061627,BinaryJoin,flatten,52
396966,Yannakakis,flatten,52
3062707,BinaryJoin,flatten,52
398575,Yannakakis,flatten,52
22751,BinaryJoin,flatten,99
8577,Yannakakis,flatten,99
22222,BinaryJoin,flatten,99
8697,Yannakakis,flatten,99
22952,BinaryJoin,flatten,99
8136,Yannakakis,flatten,99
22617,BinaryJoin,flatten,99
8817,Yannakakis,flatten,99
22847,BinaryJoin,flatten,99
8204,Yannakakis,flatten,99
23183,BinaryJoin,flatten,99
7860,Yannakakis,flatten,99
21991,BinaryJoin,flatten,99
8571,Yannakakis,flatten,99
22586,BinaryJoin,flatten,99
7966,Yannakakis,flatten,99
22693,BinaryJoin,flatten,99
7955,Yannakakis,flatten,99
22818,BinaryJoin,flatten,99
8175,Yannakakis,flatten,99
7685,BinaryJoin,flatten,33
7296,Yannakakis,flatten,33
7371,BinaryJoin,flatten,33
7066,Yannakakis,flatten,33
7497,BinaryJoin,flatten,33
6820,Yannakakis,flatten,33
7821,BinaryJoin,flatten,33
6947,Yannakakis,flatten,33
8174,BinaryJoin,flatten,33
7111,Yannakakis,flatten,33
7878,BinaryJoin,flatten,33
7525,Yannakakis,flatten,33
7347,BinaryJoin,flatten,33
7483,Yannakakis,flatten,33
7504,BinaryJoin,flatten,33
6823,Yannakakis,flatten,33
7468,BinaryJoin,flatten,33
6941,Yannakakis,flatten,33
7783,BinaryJoin,flatten,33
7082,Yannakakis,flatten,33
7181,BinaryJoin,flatten,20
6275,Yannakakis,flatten,20
5911,BinaryJoin,flatten,20
5582,Yannakakis,flatten,20
6424,BinaryJoin,flatten,20
5419,Yannakakis,flatten,20
7004,BinaryJoin,flatten,20
5585,Yannakakis,flatten,20
5873,BinaryJoin,flatten,20
6183,Yannakakis,flatten,20
6079,BinaryJoin,flatten,20
5400,Yannakakis,flatten,20
6760,BinaryJoin,flatten,20
5669,Yannakakis,flatten,20
5848,BinaryJoin,flatten,20
5403,Yannakakis,flatten,20
6124,BinaryJoin,flatten,20
5460,Yannakakis,flatten,20
6122,BinaryJoin,flatten,20
5913,Yannakakis,flatten,20
24755,BinaryJoin,flatten,93
6137,Yannakakis,flatten,93
25292,BinaryJoin,flatten,93
6191,Yannakakis,flatten,93
24699,BinaryJoin,flatten,93
6151,Yannakakis,flatten,93
24855,BinaryJoin,flatten,93
6089,Yannakakis,flatten,93
24840,BinaryJoin,flatten,93
6181,Yannakakis,flatten,93
24604,BinaryJoin,flatten,93
6472,Yannakakis,flatten,93
24782,BinaryJoin,flatten,93
6292,Yannakakis,flatten,93
25006,BinaryJoin,flatten,93
6053,Yannakakis,flatten,93
24750,BinaryJoin,flatten,93
6153,Yannakakis,flatten,93
24409,BinaryJoin,flatten,93
6086,Yannakakis,flatten,93
8270,BinaryJoin,flatten,78
6708,Yannakakis,flatten,78
8145,BinaryJoin,flatten,78
6639,Yannakakis,flatten,78
8182,BinaryJoin,flatten,78
6771,Yannakakis,flatten,78
8628,BinaryJoin,flatten,78
6875,Yannakakis,flatten,78
8147,BinaryJoin,flatten,78
7183,Yannakakis,flatten,78
8209,BinaryJoin,flatten,78
6554,Yannakakis,flatten,78
8939,BinaryJoin,flatten,78
6709,Yannakakis,flatten,78
8226,BinaryJoin,flatten,78
7317,Yannakakis,flatten,78
8007,BinaryJoin,flatten,78
6660,Yannakakis,flatten,78
8205,BinaryJoin,flatten,78
6601,Yannakakis,flatten,78
15394,BinaryJoin,flatten,9
7606,Yannakakis,flatten,9
14311,BinaryJoin,flatten,9
7573,Yannakakis,flatten,9
14409,BinaryJoin,flatten,9
8174,Yannakakis,flatten,9
14345,BinaryJoin,flatten,9
7869,Yannakakis,flatten,9
14399,BinaryJoin,flatten,9
7701,Yannakakis,flatten,9
14387,BinaryJoin,flatten,9
7685,Yannakakis,flatten,9
14525,BinaryJoin,flatten,9
7737,Yannakakis,flatten,9
14494,BinaryJoin,flatten,9
8506,Yannakakis,flatten,9
14541,BinaryJoin,flatten,9
8149,Yannakakis,flatten,9
14620,BinaryJoin,flatten,9
7747,Yannakakis,flatten,9
28396,BinaryJoin,flatten,112
9431,Yannakakis,flatten,112
27257,BinaryJoin,flatten,112
9431,Yannakakis,flatten,112
27076,BinaryJoin,flatten,112
10001,Yannakakis,flatten,112
27964,BinaryJoin,flatten,112
9775,Yannakakis,flatten,112
27701,BinaryJoin,flatten,112
9550,Yannakakis,flatten,112
27833,BinaryJoin,flatten,112
9929,Yannakakis,flatten,112
28703,BinaryJoin,flatten,112
9216,Yannakakis,flatten,112
27965,BinaryJoin,flatten,112
9362,Yannakakis,flatten,112
27728,BinaryJoin,flatten,112
9416,Yannakakis,flatten,112
27793,BinaryJoin,flatten,112
9396,Yannakakis,flatten,112
2534174,BinaryJoin,flatten,105
324781,Yannakakis,flatten,105
2533597,BinaryJoin,flatten,105
324900,Yannakakis,flatten,105
2530632,BinaryJoin,flatten,105
325015,Yannakakis,flatten,105
2530886,BinaryJoin,flatten,105
324352,Yannakakis,flatten,105
2523425,BinaryJoin,flatten,105
324903,Yannakakis,flatten,105
2532361,BinaryJoin,flatten,105
324185,Yannakakis,flatten,105
2530857,BinaryJoin,flatten,105
325562,Yannakakis,flatten,105
2530471,BinaryJoin,flatten,105
325550,Yannakakis,flatten,105
2530442,BinaryJoin,flatten,105
324439,Yannakakis,flatten,105
2534151,BinaryJoin,flatten,105
325434,Yannakakis,flatten,105
91812,BinaryJoin,flatten,96
17731,Yannakakis,flatten,96
92968,BinaryJoin,flatten,96
17743,Yannakakis,flatten,96
91130,BinaryJoin,flatten,96
17300,Yannakakis,flatten,96
91040,BinaryJoin,flatten,96
17358,Yannakakis,flatten,96
90932,BinaryJoin,flatten,96
17796,Yannakakis,flatten,96
90507,BinaryJoin,flatten,96
17880,Yannakakis,flatten,96
91272,BinaryJoin,flatten,96
17934,Yannakakis,flatten,96
91319,BinaryJoin,flatten,96
17740,Yannakakis,flatten,96
91371,BinaryJoin,flatten,96
17698,Yannakakis,flatten,96
90684,BinaryJoin,flatten,96
17261,Yannakakis,flatten,96
11689,BinaryJoin,flatten,27
6832,Yannakakis,flatten,27
11588,BinaryJoin,flatten,27
6618,Yannakakis,flatten,27
11517,BinaryJoin,flatten,27
5891,Yannakakis,flatten,27
11742,BinaryJoin,flatten,27
5909,Yannakakis,flatten,27
12498,BinaryJoin,flatten,27
5870,Yannakakis,flatten,27
12345,BinaryJoin,flatten,27
5937,Yannakakis,flatten,27
11804,BinaryJoin,flatten,27
5956,Yannakakis,flatten,27
11594,BinaryJoin,flatten,27
6057,Yannakakis,flatten,27
11601,BinaryJoin,flatten,27
6438,Yannakakis,flatten,27
11626,BinaryJoin,flatten,27
6615,Yannakakis,flatten,27
2959,BinaryJoin,flatten,17
2841,Yannakakis,flatten,17
2824,BinaryJoin,flatten,17
2869,Yannakakis,flatten,17
2879,BinaryJoin,flatten,17
2833,Yannakakis,flatten,17
2825,BinaryJoin,flatten,17
2771,Yannakakis,flatten,17
2794,BinaryJoin,flatten,17
2801,Yannakakis,flatten,17
2864,BinaryJoin,flatten,17
2801,Yannakakis,flatten,17
2813,BinaryJoin,flatten,17
2775,Yannakakis,flatten,17
2815,BinaryJoin,flatten,17
2776,Yannakakis,flatten,17
2833,BinaryJoin,flatten,17
2830,Yannakakis,flatten,17
2823,BinaryJoin,flatten,17
2780,Yannakakis,flatten,17
13286,BinaryJoin,flatten,53
10060,Yannakakis,flatten,53
13475,BinaryJoin,flatten,53
9935,Yannakakis,flatten,53
13205,BinaryJoin,flatten,53
9797,Yannakakis,flatten,53
12712,BinaryJoin,flatten,53
9844,Yannakakis,flatten,53
12748,BinaryJoin,flatten,53
9823,Yannakakis,flatten,53
12911,BinaryJoin,flatten,53
9762,Yannakakis,flatten,53
12447,BinaryJoin,flatten,53
10023,Yannakakis,flatten,53
12416,BinaryJoin,flatten,53
10087,Yannakakis,flatten,53
12345,BinaryJoin,flatten,53
9979,Yannakakis,flatten,53
12380,BinaryJoin,flatten,53
10162,Yannakakis,flatten,53
4061,BinaryJoin,flatten,18
3354,Yannakakis,flatten,18
3991,BinaryJoin,flatten,18
3332,Yannakakis,flatten,18
3847,BinaryJoin,flatten,18
3209,Yannakakis,flatten,18
3854,BinaryJoin,flatten,18
3622,Yannakakis,flatten,18
3949,BinaryJoin,flatten,18
3196,Yannakakis,flatten,18
3839,BinaryJoin,flatten,18
3168,Yannakakis,flatten,18
3977,BinaryJoin,flatten,18
3279,Yannakakis,flatten,18
3823,BinaryJoin,flatten,18
3197,Yannakakis,flatten,18
3821,BinaryJoin,flatten,18
3645,Yannakakis,flatten,18
3904,BinaryJoin,flatten,18
3205,Yannakakis,flatten,18
4657,BinaryJoin,flatten,62
4927,Yannakakis,flatten,62
4453,BinaryJoin,flatten,62
4380,Yannakakis,flatten,62
4365,BinaryJoin,flatten,62
4666,Yannakakis,flatten,62
4428,BinaryJoin,flatten,62
4219,Yannakakis,flatten,62
4485,BinaryJoin,flatten,62
4417,Yannakakis,flatten,62
4412,BinaryJoin,flatten,62
4224,Yannakakis,flatten,62
5044,BinaryJoin,flatten,62
4441,Yannakakis,flatten,62
4361,BinaryJoin,flatten,62
4195,Yannakakis,flatten,62
5367,BinaryJoin,flatten,62
4517,Yannakakis,flatten,62
4338,BinaryJoin,flatten,62
4219,Yannakakis,flatten,62
281291,BinaryJoin,flatten,114
38050,Yannakakis,flatten,114
279319,BinaryJoin,flatten,114
36870,Yannakakis,flatten,114
281689,BinaryJoin,flatten,114
35895,Yannakakis,flatten,114
279185,BinaryJoin,flatten,114
36489,Yannakakis,flatten,114
281262,BinaryJoin,flatten,114
36113,Yannakakis,flatten,114
280438,BinaryJoin,flatten,114
36599,Yannakakis,flatten,114
279841,BinaryJoin,flatten,114
36117,Yannakakis,flatten,114
281652,BinaryJoin,flatten,114
36600,Yannakakis,flatten,114
279990,BinaryJoin,flatten,114
36575,Yannakakis,flatten,114
282255,BinaryJoin,flatten,114
36410,Yannakakis,flatten,114
132262,BinaryJoin,flatten,15
21097,Yannakakis,flatten,15
133729,BinaryJoin,flatten,15
20772,Yannakakis,flatten,15
132187,BinaryJoin,flatten,15
20612,Yannakakis,flatten,15
132907,BinaryJoin,flatten,15
20717,Yannakakis,flatten,15
132299,BinaryJoin,flatten,15
20670,Yannakakis,flatten,15
131970,BinaryJoin,flatten,15
21304,Yannakakis,flatten,15
132854,BinaryJoin,flatten,15
20902,Yannakakis,flatten,15
133044,BinaryJoin,flatten,15
20661,Yannakakis,flatten,15
134130,BinaryJoin,flatten,15
20833,Yannakakis,flatten,15
132898,BinaryJoin,flatten,15
20322,Yannakakis,flatten,15
1482,BinaryJoin,flatten,1
791,Yannakakis,flatten,1
1148,BinaryJoin,flatten,1
742,Yannakakis,flatten,1
1131,BinaryJoin,flatten,1
750,Yannakakis,flatten,1
1144,BinaryJoin,flatten,1
748,Yannakakis,flatten,1
1118,BinaryJoin,flatten,1
738,Yannakakis,flatten,1
1113,BinaryJoin,flatten,1
739,Yannakakis,flatten,1
1112,BinaryJoin,flatten,1
742,Yannakakis,flatten,1
1103,BinaryJoin,flatten,1
746,Yannakakis,flatten,1
1098,BinaryJoin,flatten,1
737,Yannakakis,flatten,1
1102,BinaryJoin,flatten,1
740,Yannakakis,flatten,1
113735,BinaryJoin,flatten,84
19881,Yannakakis,flatten,84
114523,BinaryJoin,flatten,84
20236,Yannakakis,flatten,84
112363,BinaryJoin,flatten,84
19453,Yannakakis,flatten,84
112759,BinaryJoin,flatten,84
19786,Yannakakis,flatten,84
112342,BinaryJoin,flatten,84
19679,Yannakakis,flatten,84
114284,BinaryJoin,flatten,84
19555,Yannakakis,flatten,84
113003,BinaryJoin,flatten,84
19614,Yannakakis,flatten,84
113038,BinaryJoin,flatten,84
19802,Yannakakis,flatten,84
112802,BinaryJoin,flatten,84
19749,Yannakakis,flatten,84
112740,BinaryJoin,flatten,84
19798,Yannakakis,flatten,84
22167,BinaryJoin,flatten,3
5451,Yannakakis,flatten,3
22078,BinaryJoin,flatten,3
5570,Yannakakis,flatten,3
21949,BinaryJoin,flatten,3
5324,Yannakakis,flatten,3
21450,BinaryJoin,flatten,3
5693,Yannakakis,flatten,3
21308,BinaryJoin,flatten,3
5490,Yannakakis,flatten,3
21564,BinaryJoin,flatten,3
5376,Yannakakis,flatten,3
21863,BinaryJoin,flatten,3
5449,Yannakakis,flatten,3
21806,BinaryJoin,flatten,3
5373,Yannakakis,flatten,3
21679,BinaryJoin,flatten,3
5345,Yannakakis,flatten,3
21724,BinaryJoin,flatten,3
5357,Yannakakis,flatten,3
14446,BinaryJoin,flatten,29
7601,Yannakakis,flatten,29
14011,BinaryJoin,flatten,29
7346,Yannakakis,flatten,29
13741,BinaryJoin,flatten,29
7476,Yannakakis,flatten,29
13503,BinaryJoin,flatten,29
7214,Yannakakis,flatten,29
13491,BinaryJoin,flatten,29
7169,Yannakakis,flatten,29
13676,BinaryJoin,flatten,29
7200,Yannakakis,flatten,29
13967,BinaryJoin,flatten,29
7386,Yannakakis,flatten,29
13862,BinaryJoin,flatten,29
7309,Yannakakis,flatten,29
13802,BinaryJoin,flatten,29
7276,Yannakakis,flatten,29
13483,BinaryJoin,flatten,29
7413,Yannakakis,flatten,29
6336,BinaryJoin,flatten,130
5492,Yannakakis,flatten,130
6746,BinaryJoin,flatten,130
5490,Yannakakis,flatten,130
6005,BinaryJoin,flatten,130
5382,Yannakakis,flatten,130
6152,BinaryJoin,flatten,130
5268,Yannakakis,flatten,130
6222,BinaryJoin,flatten,130
5705,Yannakakis,flatten,130
6019,BinaryJoin,flatten,130
5299,Yannakakis,flatten,130
6371,BinaryJoin,flatten,130
5284,Yannakakis,flatten,130
6893,BinaryJoin,flatten,130
5439,Yannakakis,flatten,130
6032,BinaryJoin,flatten,130
5269,Yannakakis,flatten,130
6213,BinaryJoin,flatten,130
5279,Yannakakis,flatten,130
4335,BinaryJoin,flatten,45
3570,Yannakakis,flatten,45
3672,BinaryJoin,flatten,45
3247,Yannakakis,flatten,45
3650,BinaryJoin,flatten,45
4222,Yannakakis,flatten,45
3739,BinaryJoin,flatten,45
3375,Yannakakis,flatten,45
3671,BinaryJoin,flatten,45
3307,Yannakakis,flatten,45
4363,BinaryJoin,flatten,45
3436,Yannakakis,flatten,45
3743,BinaryJoin,flatten,45
3271,Yannakakis,flatten,45
3935,BinaryJoin,flatten,45
3508,Yannakakis,flatten,45
3767,BinaryJoin,flatten,45
3307,Yannakakis,flatten,45
3622,BinaryJoin,flatten,45
3573,Yannakakis,flatten,45
6672,BinaryJoin,flatten,125
4537,Yannakakis,flatten,125
7438,BinaryJoin,flatten,125
4535,Yannakakis,flatten,125
6220,BinaryJoin,flatten,125
4375,Yannakakis,flatten,125
6537,BinaryJoin,flatten,125
4398,Yannakakis,flatten,125
6054,BinaryJoin,flatten,125
5389,Yannakakis,flatten,125
6284,BinaryJoin,flatten,125
4313,Yannakakis,flatten,125
6453,BinaryJoin,flatten,125
4687,Yannakakis,flatten,125
6149,BinaryJoin,flatten,125
4322,Yannakakis,flatten,125
6934,BinaryJoin,flatten,125
4511,Yannakakis,flatten,125
6126,BinaryJoin,flatten,125
4654,Yannakakis,flatten,125
47155,BinaryJoin,flatten,79
24890,Yannakakis,flatten,79
45007,BinaryJoin,flatten,79
24850,Yannakakis,flatten,79
44864,BinaryJoin,flatten,79
24726,Yannakakis,flatten,79
45142,BinaryJoin,flatten,79
24586,Yannakakis,flatten,79
44556,BinaryJoin,flatten,79
25054,Yannakakis,flatten,79
44706,BinaryJoin,flatten,79
24597,Yannakakis,flatten,79
44914,BinaryJoin,flatten,79
24779,Yannakakis,flatten,79
45075,BinaryJoin,flatten,79
24562,Yannakakis,flatten,79
45252,BinaryJoin,flatten,79
24679,Yannakakis,flatten,79
45250,BinaryJoin,flatten,79
24746,Yannakakis,flatten,79
30871,BinaryJoin,flatten,10
5462,Yannakakis,flatten,10
30537,BinaryJoin,flatten,10
5648,Yannakakis,flatten,10
29609,BinaryJoin,flatten,10
5441,Yannakakis,flatten,10
30998,BinaryJoin,flatten,10
5462,Yannakakis,flatten,10
30360,BinaryJoin,flatten,10
5464,Yannakakis,flatten,10
29660,BinaryJoin,flatten,10
5542,Yannakakis,flatten,10
30582,BinaryJoin,flatten,10
5406,Yannakakis,flatten,10
29467,BinaryJoin,flatten,10
6271,Yannakakis,flatten,10
30765,BinaryJoin,flatten,10
5449,Yannakakis,flatten,10
29726,BinaryJoin,flatten,10
5464,Yannakakis,flatten,10
7533,BinaryJoin,flatten,16
4725,Yannakakis,flatten,16
7806,BinaryJoin,flatten,16
4642,Yannakakis,flatten,16
6813,BinaryJoin,flatten,16
4520,Yannakakis,flatten,16
7033,BinaryJoin,flatten,16
4516,Yannakakis,flatten,16
6799,BinaryJoin,flatten,16
5199,Yannakakis,flatten,16
6933,BinaryJoin,flatten,16
4540,Yannakakis,flatten,16
7427,BinaryJoin,flatten,16
4692,Yannakakis,flatten,16
6806,BinaryJoin,flatten,16
4627,Yannakakis,flatten,16
7357,BinaryJoin,flatten,16
4585,Yannakakis,flatten,16
6717,BinaryJoin,flatten,16
4737,Yannakakis,flatten,16
7577105,BinaryJoin,flatten,34
1025806,Yannakakis,flatten,34
7567084,BinaryJoin,flatten,34
1026371,Yannakakis,flatten,34
7546755,BinaryJoin,flatten,34
1023956,Yannakakis,flatten,34
7566616,BinaryJoin,flatten,34
1024015,Yannakakis,flatten,34
7587336,BinaryJoin,flatten,34
1024179,Yannakakis,flatten,34
7568240,BinaryJoin,flatten,34
1024771,Yannakakis,flatten,34
7572363,BinaryJoin,flatten,34
1024458,Yannakakis,flatten,34
7571394,BinaryJoin,flatten,34
1026925,Yannakakis,flatten,34
7548623,BinaryJoin,flatten,34
1028843,Yannakakis,flatten,34
7583418,BinaryJoin,flatten,34
1028030,Yannakakis,flatten,34
178988,BinaryJoin,flatten,56
87514,Yannakakis,flatten,56
175287,BinaryJoin,flatten,56
87745,Yannakakis,flatten,56
176054,BinaryJoin,flatten,56
86931,Yannakakis,flatten,56
173989,BinaryJoin,flatten,56
87484,Yannakakis,flatten,56
174769,BinaryJoin,flatten,56
87261,Yannakakis,flatten,56
175051,BinaryJoin,flatten,56
88055,Yannakakis,flatten,56
174499,BinaryJoin,flatten,56
87694,Yannakakis,flatten,56
174650,BinaryJoin,flatten,56
88000,Yannakakis,flatten,56
175554,BinaryJoin,flatten,56
88402,Yannakakis,flatten,56
175016,BinaryJoin,flatten,56
87762,Yannakakis,flatten,56
4022,BinaryJoin,flatten,50
4354,Yannakakis,flatten,50
3452,BinaryJoin,flatten,50
4151,Yannakakis,flatten,50
3597,BinaryJoin,flatten,50
3245,Yannakakis,flatten,50
3419,BinaryJoin,flatten,50
3326,Yannakakis,flatten,50
3661,BinaryJoin,flatten,50
3418,Yannakakis,flatten,50
3465,BinaryJoin,flatten,50
3234,Yannakakis,flatten,50
4392,BinaryJoin,flatten,50
3467,Yannakakis,flatten,50
3547,BinaryJoin,flatten,50
3412,Yannakakis,flatten,50
3542,BinaryJoin,flatten,50
3514,Yannakakis,flatten,50
3509,BinaryJoin,flatten,50
3222,Yannakakis,flatten,50
131889,BinaryJoin,flatten,88
20973,Yannakakis,flatten,88
131798,BinaryJoin,flatten,88
20851,Yannakakis,flatten,88
132973,BinaryJoin,flatten,88
20807,Yannakakis,flatten,88
132659,BinaryJoin,flatten,88
20392,Yannakakis,flatten,88
132853,BinaryJoin,flatten,88
20850,Yannakakis,flatten,88
133851,BinaryJoin,flatten,88
21381,Yannakakis,flatten,88
134188,BinaryJoin,flatten,88
20851,Yannakakis,flatten,88
132695,BinaryJoin,flatten,88
21088,Yannakakis,flatten,88
132513,BinaryJoin,flatten,88
20537,Yannakakis,flatten,88
133726,BinaryJoin,flatten,88
20843,Yannakakis,flatten,88
14016,BinaryJoin,flatten,81
5682,Yannakakis,flatten,81
12464,BinaryJoin,flatten,81
6270,Yannakakis,flatten,81
12282,BinaryJoin,flatten,81
5522,Yannakakis,flatten,81
12449,BinaryJoin,flatten,81
5406,Yannakakis,flatten,81
12984,BinaryJoin,flatten,81
5450,Yannakakis,flatten,81
13280,BinaryJoin,flatten,81
5448,Yannakakis,flatten,81
13266,BinaryJoin,flatten,81
5539,Yannakakis,flatten,81
13050,BinaryJoin,flatten,81
5609,Yannakakis,flatten,81
12179,BinaryJoin,flatten,81
6297,Yannakakis,flatten,81
12393,BinaryJoin,flatten,81
5383,Yannakakis,flatten,81
2413,BinaryJoin,flatten,57
2383,Yannakakis,flatten,57
2250,BinaryJoin,flatten,57
2174,Yannakakis,flatten,57
2336,BinaryJoin,flatten,57
2302,Yannakakis,flatten,57
2276,BinaryJoin,flatten,57
2276,Yannakakis,flatten,57
2241,BinaryJoin,flatten,57
2171,Yannakakis,flatten,57
2232,BinaryJoin,flatten,57
2133,Yannakakis,flatten,57
2297,BinaryJoin,flatten,57
2673,Yannakakis,flatten,57
2253,BinaryJoin,flatten,57
2048,Yannakakis,flatten,57
2240,BinaryJoin,flatten,57
2088,Yannakakis,flatten,57
2310,BinaryJoin,flatten,57
2220,Yannakakis,flatten,57
17673,BinaryJoin,flatten,61
15179,Yannakakis,flatten,61
18455,BinaryJoin,flatten,61
14624,Yannakakis,flatten,61
17463,BinaryJoin,flatten,61
14809,Yannakakis,flatten,61
17762,BinaryJoin,flatten,61
14521,Yannakakis,flatten,61
18218,BinaryJoin,flatten,61
14352,Yannakakis,flatten,61
17547,BinaryJoin,flatten,61
15142,Yannakakis,flatten,61
18068,BinaryJoin,flatten,61
14545,Yannakakis,flatten,61
17436,BinaryJoin,flatten,61
14973,Yannakakis,flatten,61
17946,BinaryJoin,flatten,61
15549,Yannakakis,flatten,61
18449,BinaryJoin,flatten,61
14491,Yannakakis,flatten,61
111211,BinaryJoin,flatten,43
16944,Yannakakis,flatten,43
112353,BinaryJoin,flatten,43
16648,Yannakakis,flatten,43
111193,BinaryJoin,flatten,43
16632,Yannakakis,flatten,43
110844,BinaryJoin,flatten,43
17144,Yannakakis,flatten,43
111012,BinaryJoin,flatten,43
16988,Yannakakis,flatten,43
110635,BinaryJoin,flatten,43
17103,Yannakakis,flatten,43
110714,BinaryJoin,flatten,43
16815,Yannakakis,flatten,43
111521,BinaryJoin,flatten,43
16811,Yannakakis,flatten,43
110845,BinaryJoin,flatten,43
16685,Yannakakis,flatten,43
111640,BinaryJoin,flatten,43
16673,Yannakakis,flatten,43
4301,BinaryJoin,flatten,14
3190,Yannakakis,flatten,14
3427,BinaryJoin,flatten,14
3026,Yannakakis,flatten,14
3456,BinaryJoin,flatten,14
3290,Yannakakis,flatten,14
3377,BinaryJoin,flatten,14
3022,Yannakakis,flatten,14
3362,BinaryJoin,flatten,14
3583,Yannakakis,flatten,14
3419,BinaryJoin,flatten,14
2997,Yannakakis,flatten,14
3346,BinaryJoin,flatten,14
3192,Yannakakis,flatten,14
3999,BinaryJoin,flatten,14
3049,Yannakakis,flatten,14
3337,BinaryJoin,flatten,14
3257,Yannakakis,flatten,14
3349,BinaryJoin,flatten,14
3089,Yannakakis,flatten,14
720598,BinaryJoin,flatten,74
313068,Yannakakis,flatten,74
720512,BinaryJoin,flatten,74
312363,Yannakakis,flatten,74
724456,BinaryJoin,flatten,74
312713,Yannakakis,flatten,74
723448,BinaryJoin,flatten,74
312088,Yannakakis,flatten,74
721409,BinaryJoin,flatten,74
313176,Yannakakis,flatten,74
723180,BinaryJoin,flatten,74
312974,Yannakakis,flatten,74
721975,BinaryJoin,flatten,74
312457,Yannakakis,flatten,74
725466,BinaryJoin,flatten,74
312396,Yannakakis,flatten,74
725552,BinaryJoin,flatten,74
313022,Yannakakis,flatten,74
724710,BinaryJoin,flatten,74
312783,Yannakakis,flatten,74
10507,BinaryJoin,flatten,65
8050,Yannakakis,flatten,65
10217,BinaryJoin,flatten,65
7345,Yannakakis,flatten,65
10710,BinaryJoin,flatten,65
7362,Yannakakis,flatten,65
10291,BinaryJoin,flatten,65
7335,Yannakakis,flatten,65
10215,BinaryJoin,flatten,65
7305,Yannakakis,flatten,65
10229,BinaryJoin,flatten,65
7384,Yannakakis,flatten,65
11081,BinaryJoin,flatten,65
7416,Yannakakis,flatten,65
10834,BinaryJoin,flatten,65
7381,Yannakakis,flatten,65
10440,BinaryJoin,flatten,65
7825,Yannakakis,flatten,65
11037,BinaryJoin,flatten,65
7410,Yannakakis,flatten,65
15292,BinaryJoin,flatten,145
11058,Yannakakis,flatten,145
13856,BinaryJoin,flatten,145
11288,Yannakakis,flatten,145
13940,BinaryJoin,flatten,145
11605,Yannakakis,flatten,145
14675,BinaryJoin,flatten,145
11014,Yannakakis,flatten,145
13953,BinaryJoin,flatten,145
11661,Yannakakis,flatten,145
14674,BinaryJoin,flatten,145
11091,Yannakakis,flatten,145
14592,BinaryJoin,flatten,145
11057,Yannakakis,flatten,145
13876,BinaryJoin,flatten,145
11125,Yannakakis,flatten,145
13851,BinaryJoin,flatten,145
11220,Yannakakis,flatten,145
14947,BinaryJoin,flatten,145
11069,Yannakakis,flatten,145
1444014,BinaryJoin,flatten,59
470434,Yannakakis,flatten,59
1439539,BinaryJoin,flatten,59
467653,Yannakakis,flatten,59
1437392,BinaryJoin,flatten,59
467432,Yannakakis,flatten,59
1435799,BinaryJoin,flatten,59
466258,Yannakakis,flatten,59
1436531,BinaryJoin,flatten,59
466311,Yannakakis,flatten,59
1436202,BinaryJoin,flatten,59
465501,Yannakakis,flatten,59
1434779,BinaryJoin,flatten,59
465366,Yannakakis,flatten,59
1434988,BinaryJoin,flatten,59
466715,Yannakakis,flatten,59
1437406,BinaryJoin,flatten,59
465301,Yannakakis,flatten,59
1433530,BinaryJoin,flatten,59
467239,Yannakakis,flatten,59
24494,BinaryJoin,flatten,72
13155,Yannakakis,flatten,72
23956,BinaryJoin,flatten,72
12588,Yannakakis,flatten,72
24573,BinaryJoin,flatten,72
12759,Yannakakis,flatten,72
23682,BinaryJoin,flatten,72
13302,Yannakakis,flatten,72
24418,BinaryJoin,flatten,72
12953,Yannakakis,flatten,72
23920,BinaryJoin,flatten,72
12453,Yannakakis,flatten,72
23677,BinaryJoin,flatten,72
13065,Yannakakis,flatten,72
24624,BinaryJoin,flatten,72
13470,Yannakakis,flatten,72
24486,BinaryJoin,flatten,72
12518,Yannakakis,flatten,72
23664,BinaryJoin,flatten,72
13030,Yannakakis,flatten,72
786386,BinaryJoin,flatten,97
94673,Yannakakis,flatten,97
784086,BinaryJoin,flatten,97
94604,Yannakakis,flatten,97
786334,BinaryJoin,flatten,97
94554,Yannakakis,flatten,97
784360,BinaryJoin,flatten,97
94612,Yannakakis,flatten,97
784403,BinaryJoin,flatten,97
94351,Yannakakis,flatten,97
784077,BinaryJoin,flatten,97
95063,Yannakakis,flatten,97
785253,BinaryJoin,flatten,97
94251,Yannakakis,flatten,97
786214,BinaryJoin,flatten,97
94805,Yannakakis,flatten,97
785245,BinaryJoin,flatten,97
95130,Yannakakis,flatten,97
784906,BinaryJoin,flatten,97
94523,Yannakakis,flatten,97
10784,BinaryJoin,flatten,64
11061,Yannakakis,flatten,64
10662,BinaryJoin,flatten,64
11018,Yannakakis,flatten,64
10607,BinaryJoin,flatten,64
11076,Yannakakis,flatten,64
10689,BinaryJoin,flatten,64
11439,Yannakakis,flatten,64
11071,BinaryJoin,flatten,64
10995,Yannakakis,flatten,64
11266,BinaryJoin,flatten,64
11046,Yannakakis,flatten,64
10750,BinaryJoin,flatten,64
11058,Yannakakis,flatten,64
10709,BinaryJoin,flatten,64
10919,Yannakakis,flatten,64
10542,BinaryJoin,flatten,64
11195,Yannakakis,flatten,64
10723,BinaryJoin,flatten,64
11095,Yannakakis,flatten,64
40508,BinaryJoin,flatten,111
9846,Yannakakis,flatten,111
40089,BinaryJoin,flatten,111
9417,Yannakakis,flatten,111
40204,BinaryJoin,flatten,111
9836,Yannakakis,flatten,111
39575,BinaryJoin,flatten,111
9412,Yannakakis,flatten,111
41000,BinaryJoin,flatten,111
9884,Yannakakis,flatten,111
39731,BinaryJoin,flatten,111
9439,Yannakakis,flatten,111
40290,BinaryJoin,flatten,111
9871,Yannakakis,flatten,111
40095,BinaryJoin,flatten,111
9451,Yannakakis,flatten,111
40372,BinaryJoin,flatten,111
10105,Yannakakis,flatten,111
40554,BinaryJoin,flatten,111
9533,Yannakakis,flatten,111
82529,BinaryJoin,flatten,75
34054,Yannakakis,flatten,75
84155,BinaryJoin,flatten,75
34702,Yannakakis,flatten,75
84419,BinaryJoin,flatten,75
34973,Yannakakis,flatten,75
84085,BinaryJoin,flatten,75
34732,Yannakakis,flatten,75
83833,BinaryJoin,flatten,75
34803,Yannakakis,flatten,75
83780,BinaryJoin,flatten,75
34904,Yannakakis,flatten,75
83479,BinaryJoin,flatten,75
35003,Yannakakis,flatten,75
83812,BinaryJoin,flatten,75
34909,Yannakakis,flatten,75
84230,BinaryJoin,flatten,75
35029,Yannakakis,flatten,75
84529,BinaryJoin,flatten,75
35112,Yannakakis,flatten,75
21724,BinaryJoin,flatten,82
9669,Yannakakis,flatten,82
21567,BinaryJoin,flatten,82
9538,Yannakakis,flatten,82
20724,BinaryJoin,flatten,82
9849,Yannakakis,flatten,82
21069,BinaryJoin,flatten,82
9668,Yannakakis,flatten,82
20989,BinaryJoin,flatten,82
9872,Yannakakis,flatten,82
21360,BinaryJoin,flatten,82
9609,Yannakakis,flatten,82
21442,BinaryJoin,flatten,82
9894,Yannakakis,flatten,82
20852,BinaryJoin,flatten,82
9790,Yannakakis,flatten,82
20886,BinaryJoin,flatten,82
9994,Yannakakis,flatten,82
21460,BinaryJoin,flatten,82
9977,Yannakakis,flatten,82
5726,BinaryJoin,flatten,67
5593,Yannakakis,flatten,67
5649,BinaryJoin,flatten,67
5553,Yannakakis,flatten,67
5810,BinaryJoin,flatten,67
5659,Yannakakis,flatten,67
5508,BinaryJoin,flatten,67
5462,Yannakakis,flatten,67
5689,BinaryJoin,flatten,67
5492,Yannakakis,flatten,67
5910,BinaryJoin,flatten,67
5938,Yannakakis,flatten,67
5552,BinaryJoin,flatten,67
6117,Yannakakis,flatten,67
5595,BinaryJoin,flatten,67
5421,Yannakakis,flatten,67
6343,BinaryJoin,flatten,67
5648,Yannakakis,flatten,67
5425,BinaryJoin,flatten,67
6143,Yannakakis,flatten,67
786980,BinaryJoin,flatten,28
69398,Yannakakis,flatten,28
786319,BinaryJoin,flatten,28
69141,Yannakakis,flatten,28
784607,BinaryJoin,flatten,28
68552,Yannakakis,flatten,28
785400,BinaryJoin,flatten,28
69308,Yannakakis,flatten,28
783886,BinaryJoin,flatten,28
68769,Yannakakis,flatten,28
787242,BinaryJoin,flatten,28
69367,Yannakakis,flatten,28
783473,BinaryJoin,flatten,28
68844,Yannakakis,flatten,28
786218,BinaryJoin,flatten,28
68985,Yannakakis,flatten,28
784364,BinaryJoin,flatten,28
69123,Yannakakis,flatten,28
787328,BinaryJoin,flatten,28
68866,Yannakakis,flatten,28
28817,BinaryJoin,flatten,44
9401,Yannakakis,flatten,44
27914,BinaryJoin,flatten,44
8997,Yannakakis,flatten,44
28895,BinaryJoin,flatten,44
9138,Yannakakis,flatten,44
28150,BinaryJoin,flatten,44
9382,Yannakakis,flatten,44
28178,BinaryJoin,flatten,44
9104,Yannakakis,flatten,44
28446,BinaryJoin,flatten,44
9173,Yannakakis,flatten,44
28270,BinaryJoin,flatten,44
9735,Yannakakis,flatten,44
28583,BinaryJoin,flatten,44
9061,Yannakakis,flatten,44
27694,BinaryJoin,flatten,44
9392,Yannakakis,flatten,44
28713,BinaryJoin,flatten,44
9284,Yannakakis,flatten,44
934318,BinaryJoin,flatten,49
31583,Yannakakis,flatten,49
926571,BinaryJoin,flatten,49
31373,Yannakakis,flatten,49
924914,BinaryJoin,flatten,49
31270,Yannakakis,flatten,49
923003,BinaryJoin,flatten,49
31932,Yannakakis,flatten,49
927075,BinaryJoin,flatten,49
31693,Yannakakis,flatten,49
926026,BinaryJoin,flatten,49
31403,Yannakakis,flatten,49
923114,BinaryJoin,flatten,49
31780,Yannakakis,flatten,49
928685,BinaryJoin,flatten,49
31982,Yannakakis,flatten,49
926405,BinaryJoin,flatten,49
31714,Yannakakis,flatten,49
922105,BinaryJoin,flatten,49
31471,Yannakakis,flatten,49
158820,BinaryJoin,flatten,133
30101,Yannakakis,flatten,133
159748,BinaryJoin,flatten,133
30063,Yannakakis,flatten,133
160649,BinaryJoin,flatten,133
30269,Yannakakis,flatten,133
159197,BinaryJoin,flatten,133
30003,Yannakakis,flatten,133
159675,BinaryJoin,flatten,133
29994,Yannakakis,flatten,133
160797,BinaryJoin,flatten,133
30055,Yannakakis,flatten,133
159946,BinaryJoin,flatten,133
30261,Yannakakis,flatten,133
160676,BinaryJoin,flatten,133
30428,Yannakakis,flatten,133
159396,BinaryJoin,flatten,133
30230,Yannakakis,flatten,133
159543,BinaryJoin,flatten,133
30213,Yannakakis,flatten,133
153773,BinaryJoin,flatten,104
26166,Yannakakis,flatten,104
152056,BinaryJoin,flatten,104
25536,Yannakakis,flatten,104
152538,BinaryJoin,flatten,104
25470,Yannakakis,flatten,104
153058,BinaryJoin,flatten,104
25514,Yannakakis,flatten,104
151484,BinaryJoin,flatten,104
25330,Yannakakis,flatten,104
151449,BinaryJoin,flatten,104
25505,Yannakakis,flatten,104
153253,BinaryJoin,flatten,104
25237,Yannakakis,flatten,104
151263,BinaryJoin,flatten,104
25779,Yannakakis,flatten,104
151322,BinaryJoin,flatten,104
25605,Yannakakis,flatten,104
152420,BinaryJoin,flatten,104
25403,Yannakakis,flatten,104
19438,BinaryJoin,flatten,106
7491,Yannakakis,flatten,106
19114,BinaryJoin,flatten,106
8516,Yannakakis,flatten,106
20162,BinaryJoin,flatten,106
7439,Yannakakis,flatten,106
19967,BinaryJoin,flatten,106
7551,Yannakakis,flatten,106
19561,BinaryJoin,flatten,106
7290,Yannakakis,flatten,106
19565,BinaryJoin,flatten,106
8065,Yannakakis,flatten,106
19998,BinaryJoin,flatten,106
7519,Yannakakis,flatten,106
20117,BinaryJoin,flatten,106
7465,Yannakakis,flatten,106
19653,BinaryJoin,flatten,106
7285,Yannakakis,flatten,106
19448,BinaryJoin,flatten,106
7432,Yannakakis,flatten,106
340286,BinaryJoin,flatten,144
88197,Yannakakis,flatten,144
340261,BinaryJoin,flatten,144
88180,Yannakakis,flatten,144
340196,BinaryJoin,flatten,144
88584,Yannakakis,flatten,144
338599,BinaryJoin,flatten,144
88278,Yannakakis,flatten,144
337122,BinaryJoin,flatten,144
89286,Yannakakis,flatten,144
337430,BinaryJoin,flatten,144
88159,Yannakakis,flatten,144
336250,BinaryJoin,flatten,144
88627,Yannakakis,flatten,144
338064,BinaryJoin,flatten,144
88462,Yannakakis,flatten,144
339320,BinaryJoin,flatten,144
88608,Yannakakis,flatten,144
339267,BinaryJoin,flatten,144
88354,Yannakakis,flatten,144
3471583,BinaryJoin,flatten,136
445607,Yannakakis,flatten,136
3477673,BinaryJoin,flatten,136
448131,Yannakakis,flatten,136
3476817,BinaryJoin,flatten,136
447247,Yannakakis,flatten,136
3473994,BinaryJoin,flatten,136
446961,Yannakakis,flatten,136
3477651,BinaryJoin,flatten,136
446873,Yannakakis,flatten,136
3481172,BinaryJoin,flatten,136
448750,Yannakakis,flatten,136
3478091,BinaryJoin,flatten,136
447558,Yannakakis,flatten,136
3475772,BinaryJoin,flatten,136
446766,Yannakakis,flatten,136
3483098,BinaryJoin,flatten,136
447801,Yannakakis,flatten,136
3468924,BinaryJoin,flatten,136
447274,Yannakakis,flatten,136
22214,BinaryJoin,flatten,37
8607,Yannakakis,flatten,37
23211,BinaryJoin,flatten,37
8508,Yannakakis,flatten,37
22795,BinaryJoin,flatten,37
8259,Yannakakis,flatten,37
22035,BinaryJoin,flatten,37
8639,Yannakakis,flatten,37
22826,BinaryJoin,flatten,37
8363,Yannakakis,flatten,37
22458,BinaryJoin,flatten,37
8265,Yannakakis,flatten,37
21846,BinaryJoin,flatten,37
9052,Yannakakis,flatten,37
22841,BinaryJoin,flatten,37
8388,Yannakakis,flatten,37
22405,BinaryJoin,flatten,37
8304,Yannakakis,flatten,37
21920,BinaryJoin,flatten,37
9004,Yannakakis,flatten,37
4026,BinaryJoin,flatten,48
4604,Yannakakis,flatten,48
3837,BinaryJoin,flatten,48
4144,Yannakakis,flatten,48
3736,BinaryJoin,flatten,48
4349,Yannakakis,flatten,48
3912,BinaryJoin,flatten,48
3701,Yannakakis,flatten,48
3716,BinaryJoin,flatten,48
3628,Yannakakis,flatten,48
3973,BinaryJoin,flatten,48
3488,Yannakakis,flatten,48
3781,BinaryJoin,flatten,48
3438,Yannakakis,flatten,48
4040,BinaryJoin,flatten,48
3600,Yannakakis,flatten,48
3792,BinaryJoin,flatten,48
3729,Yannakakis,flatten,48
3721,BinaryJoin,flatten,48
4062,Yannakakis,flatten,48
90947,BinaryJoin,flatten,139
29249,Yannakakis,flatten,139
91122,BinaryJoin,flatten,139
30010,Yannakakis,flatten,139
91432,BinaryJoin,flatten,139
29379,Yannakakis,flatten,139
92116,BinaryJoin,flatten,139
29128,Yannakakis,flatten,139
90701,BinaryJoin,flatten,139
29801,Yannakakis,flatten,139
90846,BinaryJoin,flatten,139
29090,Yannakakis,flatten,139
91268,BinaryJoin,flatten,139
29981,Yannakakis,flatten,139
91372,BinaryJoin,flatten,139
29561,Yannakakis,flatten,139
90797,BinaryJoin,flatten,139
29723,Yannakakis,flatten,139
91418,BinaryJoin,flatten,139
29342,Yannakakis,flatten,139
19429,BinaryJoin,flatten,89
7812,Yannakakis,flatten,89
19122,BinaryJoin,flatten,89
7708,Yannakakis,flatten,89
18727,BinaryJoin,flatten,89
8247,Yannakakis,flatten,89
19171,BinaryJoin,flatten,89
7664,Yannakakis,flatten,89
19115,BinaryJoin,flatten,89
7803,Yannakakis,flatten,89
19338,BinaryJoin,flatten,89
7653,Yannakakis,flatten,89
19150,BinaryJoin,flatten,89
7658,Yannakakis,flatten,89
18951,BinaryJoin,flatten,89
7881,Yannakakis,flatten,89
19083,BinaryJoin,flatten,89
7716,Yannakakis,flatten,89
19168,BinaryJoin,flatten,89
8061,Yannakakis,flatten,89
11274,BinaryJoin,flatten,25
8159,Yannakakis,flatten,25
11029,BinaryJoin,flatten,25
8111,Yannakakis,flatten,25
10842,BinaryJoin,flatten,25
8333,Yannakakis,flatten,25
11317,BinaryJoin,flatten,25
8111,Yannakakis,flatten,25
11326,BinaryJoin,flatten,25
8126,Yannakakis,flatten,25
11515,BinaryJoin,flatten,25
8193,Yannakakis,flatten,25
11433,BinaryJoin,flatten,25
8143,Yannakakis,flatten,25
10833,BinaryJoin,flatten,25
8508,Yannakakis,flatten,25
10570,BinaryJoin,flatten,25
8548,Yannakakis,flatten,25
10693,BinaryJoin,flatten,25
8347,Yannakakis,flatten,25
14095,BinaryJoin,flatten,116
6341,Yannakakis,flatten,116
13718,BinaryJoin,flatten,116
6411,Yannakakis,flatten,116
13796,BinaryJoin,flatten,116
6484,Yannakakis,flatten,116
13455,BinaryJoin,flatten,116
6400,Yannakakis,flatten,116
13224,BinaryJoin,flatten,116
6380,Yannakakis,flatten,116
13446,BinaryJoin,flatten,116
6272,Yannakakis,flatten,116
13468,BinaryJoin,flatten,116
6446,Yannakakis,flatten,116
13498,BinaryJoin,flatten,116
6155,Yannakakis,flatten,116
13519,BinaryJoin,flatten,116
6139,Yannakakis,flatten,116
13499,BinaryJoin,flatten,116
6158,Yannakakis,flatten,116
35183,BinaryJoin,flatten,35
10219,Yannakakis,flatten,35
35081,BinaryJoin,flatten,35
10824,Yannakakis,flatten,35
35142,BinaryJoin,flatten,35
10323,Yannakakis,flatten,35
35436,BinaryJoin,flatten,35
10234,Yannakakis,flatten,35
34707,BinaryJoin,flatten,35
10178,Yannakakis,flatten,35
34991,BinaryJoin,flatten,35
10135,Yannakakis,flatten,35
34878,BinaryJoin,flatten,35
10206,Yannakakis,flatten,35
34952,BinaryJoin,flatten,35
10172,Yannakakis,flatten,35
35095,BinaryJoin,flatten,35
10273,Yannakakis,flatten,35
34685,BinaryJoin,flatten,35
11180,Yannakakis,flatten,35
2113741,BinaryJoin,flatten,69
775628,Yannakakis,flatten,69
2133283,BinaryJoin,flatten,69
773621,Yannakakis,flatten,69
2131222,BinaryJoin,flatten,69
774023,Yannakakis,flatten,69
2140437,BinaryJoin,flatten,69
774620,Yannakakis,flatten,69
2137424,BinaryJoin,flatten,69
774131,Yannakakis,flatten,69
2137837,BinaryJoin,flatten,69
775195,Yannakakis,flatten,69
2140121,BinaryJoin,flatten,69
775294,Yannakakis,flatten,69
2140740,BinaryJoin,flatten,69
779776,Yannakakis,flatten,69
2138158,BinaryJoin,flatten,69
778187,Yannakakis,flatten,69
2142409,BinaryJoin,flatten,69
778114,Yannakakis,flatten,69
9106,BinaryJoin,flatten,8
7653,Yannakakis,flatten,8
8993,BinaryJoin,flatten,8
7540,Yannakakis,flatten,8
9367,BinaryJoin,flatten,8
7628,Yannakakis,flatten,8
8994,BinaryJoin,flatten,8
7592,Yannakakis,flatten,8
8715,BinaryJoin,flatten,8
7741,Yannakakis,flatten,8
8811,BinaryJoin,flatten,8
7547,Yannakakis,flatten,8
8882,BinaryJoin,flatten,8
7424,Yannakakis,flatten,8
8935,BinaryJoin,flatten,8
7520,Yannakakis,flatten,8
9267,BinaryJoin,flatten,8
7557,Yannakakis,flatten,8
9028,BinaryJoin,flatten,8
7585,Yannakakis,flatten,8
14645,BinaryJoin,flatten,12
8192,Yannakakis,flatten,12
15369,BinaryJoin,flatten,12
8177,Yannakakis,flatten,12
14938,BinaryJoin,flatten,12
8118,Yannakakis,flatten,12
15144,BinaryJoin,flatten,12
8026,Yannakakis,flatten,12
14758,BinaryJoin,flatten,12
8286,Yannakakis,flatten,12
14788,BinaryJoin,flatten,12
8061,Yannakakis,flatten,12
14671,BinaryJoin,flatten,12
8216,Yannakakis,flatten,12
14641,BinaryJoin,flatten,12
8470,Yannakakis,flatten,12
14671,BinaryJoin,flatten,12
8071,Yannakakis,flatten,12
14568,BinaryJoin,flatten,12
8229,Yannakakis,flatten,12
21806970,BinaryJoin,flatten,68
4837706,Yannakakis,flatten,68
21690057,BinaryJoin,flatten,68
4476018,Yannakakis,flatten,68
21573731,BinaryJoin,flatten,68
4482189,Yannakakis,flatten,68
21673361,BinaryJoin,flatten,68
4478974,Yannakakis,flatten,68
21539324,BinaryJoin,flatten,68
4489877,Yannakakis,flatten,68
21518051,BinaryJoin,flatten,68
4464901,Yannakakis,flatten,68
21517526,BinaryJoin,flatten,68
4481516,Yannakakis,flatten,68
21555163,BinaryJoin,flatten,68
4489053,Yannakakis,flatten,68
21523220,BinaryJoin,flatten,68
4497362,Yannakakis,flatten,68
21570109,BinaryJoin,flatten,68
4493503,Yannakakis,flatten,68
3514998,BinaryJoin,flatten,38
177769,Yannakakis,flatten,38
3461048,BinaryJoin,flatten,38
177814,Yannakakis,flatten,38
3473536,BinaryJoin,flatten,38
178000,Yannakakis,flatten,38
3459563,BinaryJoin,flatten,38
178386,Yannakakis,flatten,38
3459754,BinaryJoin,flatten,38
178055,Yannakakis,flatten,38
3460310,BinaryJoin,flatten,38
178719,Yannakakis,flatten,38
3463373,BinaryJoin,flatten,38
178451,Yannakakis,flatten,38
3455671,BinaryJoin,flatten,38
179228,Yannakakis,flatten,38
3458305,BinaryJoin,flatten,38
177983,Yannakakis,flatten,38
3456937,BinaryJoin,flatten,38
177880,Yannakakis,flatten,38
24164,BinaryJoin,flatten,73
14000,Yannakakis,flatten,73
25403,BinaryJoin,flatten,73
13836,Yannakakis,flatten,73
25241,BinaryJoin,flatten,73
13019,Yannakakis,flatten,73
24480,BinaryJoin,flatten,73
13592,Yannakakis,flatten,73
24300,BinaryJoin,flatten,73
14140,Yannakakis,flatten,73
25409,BinaryJoin,flatten,73
13554,Yannakakis,flatten,73
25003,BinaryJoin,flatten,73
12962,Yannakakis,flatten,73
24576,BinaryJoin,flatten,73
13501,Yannakakis,flatten,73
25106,BinaryJoin,flatten,73
13716,Yannakakis,flatten,73
25126,BinaryJoin,flatten,73
12849,Yannakakis,flatten,73
19473,BinaryJoin,flatten,109
8564,Yannakakis,flatten,109
19711,BinaryJoin,flatten,109
8414,Yannakakis,flatten,109
19342,BinaryJoin,flatten,109
9080,Yannakakis,flatten,109
19829,BinaryJoin,flatten,109
8497,Yannakakis,flatten,109
19903,BinaryJoin,flatten,109
8578,Yannakakis,flatten,109
19551,BinaryJoin,flatten,109
8380,Yannakakis,flatten,109
19867,BinaryJoin,flatten,109
8489,Yannakakis,flatten,109
20022,BinaryJoin,flatten,109
8397,Yannakakis,flatten,109
19678,BinaryJoin,flatten,109
8317,Yannakakis,flatten,109
19093,BinaryJoin,flatten,109
8715,Yannakakis,flatten,109
2105,BinaryJoin,flatten,19
1641,Yannakakis,flatten,19
1934,BinaryJoin,flatten,19
1628,Yannakakis,flatten,19
1936,BinaryJoin,flatten,19
1627,Yannakakis,flatten,19
1883,BinaryJoin,flatten,19
1608,Yannakakis,flatten,19
1891,BinaryJoin,flatten,19
1599,Yannakakis,flatten,19
1886,BinaryJoin,flatten,19
1588,Yannakakis,flatten,19
1994,BinaryJoin,flatten,19
1640,Yannakakis,flatten,19
1918,BinaryJoin,flatten,19
1633,Yannakakis,flatten,19
1887,BinaryJoin,flatten,19
1605,Yannakakis,flatten,19
1882,BinaryJoin,flatten,19
1593,Yannakakis,flatten,19
6516,BinaryJoin,flatten,92
5052,Yannakakis,flatten,92
5110,BinaryJoin,flatten,92
4687,Yannakakis,flatten,92
5306,BinaryJoin,flatten,92
4802,Yannakakis,flatten,92
5021,BinaryJoin,flatten,92
4661,Yannakakis,flatten,92
5234,BinaryJoin,flatten,92
4729,Yannakakis,flatten,92
5031,BinaryJoin,flatten,92
4765,Yannakakis,flatten,92
5249,BinaryJoin,flatten,92
4699,Yannakakis,flatten,92
4992,BinaryJoin,flatten,92
4831,Yannakakis,flatten,92
5239,BinaryJoin,flatten,92
4689,Yannakakis,flatten,92
5097,BinaryJoin,flatten,92
4801,Yannakakis,flatten,92
557674,BinaryJoin,flatten,115
80931,Yannakakis,flatten,115
555410,BinaryJoin,flatten,115
80204,Yannakakis,flatten,115
554412,BinaryJoin,flatten,115
79537,Yannakakis,flatten,115
553056,BinaryJoin,flatten,115
80138,Yannakakis,flatten,115
554426,BinaryJoin,flatten,115
80704,Yannakakis,flatten,115
555092,BinaryJoin,flatten,115
80017,Yannakakis,flatten,115
555683,BinaryJoin,flatten,115
80158,Yannakakis,flatten,115
555168,BinaryJoin,flatten,115
80644,Yannakakis,flatten,115
552679,BinaryJoin,flatten,115
80068,Yannakakis,flatten,115
554519,BinaryJoin,flatten,115
80981,Yannakakis,flatten,115
4237,BinaryJoin,flatten,40
3747,Yannakakis,flatten,40
3908,BinaryJoin,flatten,40
3601,Yannakakis,flatten,40
3909,BinaryJoin,flatten,40
3651,Yannakakis,flatten,40
3906,BinaryJoin,flatten,40
3606,Yannakakis,flatten,40
3887,BinaryJoin,flatten,40
4027,Yannakakis,flatten,40
3901,BinaryJoin,flatten,40
3589,Yannakakis,flatten,40
3879,BinaryJoin,flatten,40
3651,Yannakakis,flatten,40
3952,BinaryJoin,flatten,40
3628,Yannakakis,flatten,40
3891,BinaryJoin,flatten,40
3605,Yannakakis,flatten,40
3985,BinaryJoin,flatten,40
3674,Yannakakis,flatten,40
144201,BinaryJoin,flatten,2
19059,Yannakakis,flatten,2
146182,BinaryJoin,flatten,2
18871,Yannakakis,flatten,2
144589,BinaryJoin,flatten,2
18793,Yannakakis,flatten,2
145345,BinaryJoin,flatten,2
18941,Yannakakis,flatten,2
146591,BinaryJoin,flatten,2
18814,Yannakakis,flatten,2
144110,BinaryJoin,flatten,2
18823,Yannakakis,flatten,2
145132,BinaryJoin,flatten,2
18897,Yannakakis,flatten,2
144803,BinaryJoin,flatten,2
19050,Yannakakis,flatten,2
144296,BinaryJoin,flatten,2
18805,Yannakakis,flatten,2
144350,BinaryJoin,flatten,2
18853,Yannakakis,flatten,2
12231,BinaryJoin,flatten,87
5280,Yannakakis,flatten,87
11348,BinaryJoin,flatten,87
5179,Yannakakis,flatten,87
11440,BinaryJoin,flatten,87
4959,Yannakakis,flatten,87
12112,BinaryJoin,flatten,87
5105,Yannakakis,flatten,87
11158,BinaryJoin,flatten,87
5365,Yannakakis,flatten,87
11181,BinaryJoin,flatten,87
5211,Yannakakis,flatten,87
11507,BinaryJoin,flatten,87
5024,Yannakakis,flatten,87
11662,BinaryJoin,flatten,87
5091,Yannakakis,flatten,87
11711,BinaryJoin,flatten,87
5129,Yannakakis,flatten,87
11132,BinaryJoin,flatten,87
5589,Yannakakis,flatten,87
24893,BinaryJoin,flatten,83
10299,Yannakakis,flatten,83
24991,BinaryJoin,flatten,83
10196,Yannakakis,flatten,83
24554,BinaryJoin,flatten,83
10299,Yannakakis,flatten,83
24801,BinaryJoin,flatten,83
10944,Yannakakis,flatten,83
24936,BinaryJoin,flatten,83
10179,Yannakakis,flatten,83
24193,BinaryJoin,flatten,83
10479,Yannakakis,flatten,83
24745,BinaryJoin,flatten,83
10281,Yannakakis,flatten,83
24767,BinaryJoin,flatten,83
10509,Yannakakis,flatten,83
24880,BinaryJoin,flatten,83
10129,Yannakakis,flatten,83
24398,BinaryJoin,flatten,83
10923,Yannakakis,flatten,83
10590,BinaryJoin,flatten,7
9188,Yannakakis,flatten,7
10364,BinaryJoin,flatten,7
8640,Yannakakis,flatten,7
10355,BinaryJoin,flatten,7
8547,Yannakakis,flatten,7
10379,BinaryJoin,flatten,7
9093,Yannakakis,flatten,7
10320,BinaryJoin,flatten,7
8938,Yannakakis,flatten,7
10385,BinaryJoin,flatten,7
8726,Yannakakis,flatten,7
10418,BinaryJoin,flatten,7
8585,Yannakakis,flatten,7
10339,BinaryJoin,flatten,7
8541,Yannakakis,flatten,7
10416,BinaryJoin,flatten,7
8452,Yannakakis,flatten,7
10515,BinaryJoin,flatten,7
8512,Yannakakis,flatten,7
57388,BinaryJoin,flatten,124
15710,Yannakakis,flatten,124
57432,BinaryJoin,flatten,124
15969,Yannakakis,flatten,124
56723,BinaryJoin,flatten,124
15831,Yannakakis,flatten,124
57581,BinaryJoin,flatten,124
15817,Yannakakis,flatten,124
56947,BinaryJoin,flatten,124
15719,Yannakakis,flatten,124
57425,BinaryJoin,flatten,124
15550,Yannakakis,flatten,124
57266,BinaryJoin,flatten,124
15634,Yannakakis,flatten,124
57330,BinaryJoin,flatten,124
15765,Yannakakis,flatten,124
57261,BinaryJoin,flatten,124
15724,Yannakakis,flatten,124
57421,BinaryJoin,flatten,124
15760,Yannakakis,flatten,124
2961675,BinaryJoin,flatten,30
397160,Yannakakis,flatten,30
2958862,BinaryJoin,flatten,30
395794,Yannakakis,flatten,30
2955971,BinaryJoin,flatten,30
397443,Yannakakis,flatten,30
2953909,BinaryJoin,flatten,30
398198,Yannakakis,flatten,30
2954442,BinaryJoin,flatten,30
398431,Yannakakis,flatten,30
2950663,BinaryJoin,flatten,30
397497,Yannakakis,flatten,30
2957225,BinaryJoin,flatten,30
396732,Yannakakis,flatten,30
2954467,BinaryJoin,flatten,30
396496,Yannakakis,flatten,30
2952066,BinaryJoin,flatten,30
399357,Yannakakis,flatten,30
2951706,BinaryJoin,flatten,30
396247,Yannakakis,flatten,30
16170,BinaryJoin,flatten,117
15115,Yannakakis,flatten,117
16618,BinaryJoin,flatten,117
14717,Yannakakis,flatten,117
15695,BinaryJoin,flatten,117
14883,Yannakakis,flatten,117
16202,BinaryJoin,flatten,117
14607,Yannakakis,flatten,117
16322,BinaryJoin,flatten,117
14636,Yannakakis,flatten,117
15647,BinaryJoin,flatten,117
15303,Yannakakis,flatten,117
16532,BinaryJoin,flatten,117
14627,Yannakakis,flatten,117
15735,BinaryJoin,flatten,117
15127,Yannakakis,flatten,117
15882,BinaryJoin,flatten,117
14908,Yannakakis,flatten,117
16426,BinaryJoin,flatten,117
14648,Yannakakis,flatten,117
74034,BinaryJoin,flatten,131
10167,Yannakakis,flatten,131
73132,BinaryJoin,flatten,131
10126,Yannakakis,flatten,131
72897,BinaryJoin,flatten,131
10181,Yannakakis,flatten,131
73147,BinaryJoin,flatten,131
10203,Yannakakis,flatten,131
73131,BinaryJoin,flatten,131
10164,Yannakakis,flatten,131
73225,BinaryJoin,flatten,131
10241,Yannakakis,flatten,131
72875,BinaryJoin,flatten,131
10171,Yannakakis,flatten,131
72547,BinaryJoin,flatten,131
10154,Yannakakis,flatten,131
73456,BinaryJoin,flatten,131
10323,Yannakakis,flatten,131
72948,BinaryJoin,flatten,131
10087,Yannakakis,flatten,131
173093,BinaryJoin,flatten,138
85023,Yannakakis,flatten,138
171818,BinaryJoin,flatten,138
85307,Yannakakis,flatten,138
171446,BinaryJoin,flatten,138
85042,Yannakakis,flatten,138
173495,BinaryJoin,flatten,138
85500,Yannakakis,flatten,138
171761,BinaryJoin,flatten,138
85252,Yannakakis,flatten,138
171725,BinaryJoin,flatten,138
84673,Yannakakis,flatten,138
171180,BinaryJoin,flatten,138
85506,Yannakakis,flatten,138
171223,BinaryJoin,flatten,138
85434,Yannakakis,flatten,138
172322,BinaryJoin,flatten,138
85112,Yannakakis,flatten,138
171589,BinaryJoin,flatten,138
85489,Yannakakis,flatten,138
22310,BinaryJoin,flatten,101
15629,Yannakakis,flatten,101
22245,BinaryJoin,flatten,101
16222,Yannakakis,flatten,101
23275,BinaryJoin,flatten,101
15429,Yannakakis,flatten,101
22836,BinaryJoin,flatten,101
15257,Yannakakis,flatten,101
22956,BinaryJoin,flatten,101
15319,Yannakakis,flatten,101
22321,BinaryJoin,flatten,101
16327,Yannakakis,flatten,101
22945,BinaryJoin,flatten,101
15419,Yannakakis,flatten,101
22885,BinaryJoin,flatten,101
15353,Yannakakis,flatten,101
23202,BinaryJoin,flatten,101
15216,Yannakakis,flatten,101
22921,BinaryJoin,flatten,101
15448,Yannakakis,flatten,101
19777,BinaryJoin,flatten,129
11335,Yannakakis,flatten,129
19940,BinaryJoin,flatten,129
10866,Yannakakis,flatten,129
19713,BinaryJoin,flatten,129
11707,Yannakakis,flatten,129
20355,BinaryJoin,flatten,129
10847,Yannakakis,flatten,129
19679,BinaryJoin,flatten,129
11226,Yannakakis,flatten,129
20101,BinaryJoin,flatten,129
11017,Yannakakis,flatten,129
19631,BinaryJoin,flatten,129
11427,Yannakakis,flatten,129
20400,BinaryJoin,flatten,129
10775,Yannakakis,flatten,129
19747,BinaryJoin,flatten,129
11097,Yannakakis,flatten,129
20282,BinaryJoin,flatten,129
10893,Yannakakis,flatten,129
29209,BinaryJoin,flatten,39
9125,Yannakakis,flatten,39
28695,BinaryJoin,flatten,39
9927,Yannakakis,flatten,39
29154,BinaryJoin,flatten,39
9093,Yannakakis,flatten,39
29287,BinaryJoin,flatten,39
9235,Yannakakis,flatten,39
28278,BinaryJoin,flatten,39
9856,Yannakakis,flatten,39
28837,BinaryJoin,flatten,39
9099,Yannakakis,flatten,39
28079,BinaryJoin,flatten,39
9545,Yannakakis,flatten,39
28625,BinaryJoin,flatten,39
10218,Yannakakis,flatten,39
29383,BinaryJoin,flatten,39
9192,Yannakakis,flatten,39
28394,BinaryJoin,flatten,39
9845,Yannakakis,flatten,39
23628,BinaryJoin,flatten,42
19448,Yannakakis,flatten,42
22837,BinaryJoin,flatten,42
19218,Yannakakis,flatten,42
22953,BinaryJoin,flatten,42
19410,Yannakakis,flatten,42
23159,BinaryJoin,flatten,42
19001,Yannakakis,flatten,42
24315,BinaryJoin,flatten,42
19137,Yannakakis,flatten,42
23888,BinaryJoin,flatten,42
19390,Yannakakis,flatten,42
23607,BinaryJoin,flatten,42
19222,Yannakakis,flatten,42
22659,BinaryJoin,flatten,42
19592,Yannakakis,flatten,42
23745,BinaryJoin,flatten,42
18716,Yannakakis,flatten,42
23838,BinaryJoin,flatten,42
18649,Yannakakis,flatten,42
10370,BinaryJoin,flatten,11
5861,Yannakakis,flatten,11
9419,BinaryJoin,flatten,11
5806,Yannakakis,flatten,11
8766,BinaryJoin,flatten,11
5703,Yannakakis,flatten,11
9080,BinaryJoin,flatten,11
5669,Yannakakis,flatten,11
9759,BinaryJoin,flatten,11
5788,Yannakakis,flatten,11
8842,BinaryJoin,flatten,11
6064,Yannakakis,flatten,11
8850,BinaryJoin,flatten,11
5657,Yannakakis,flatten,11
9425,BinaryJoin,flatten,11
5752,Yannakakis,flatten,11
10026,BinaryJoin,flatten,11
5745,Yannakakis,flatten,11
9483,BinaryJoin,flatten,11
5798,Yannakakis,flatten,11
5138855,BinaryJoin,flatten,142
2128873,Yannakakis,flatten,142
5133281,BinaryJoin,flatten,142
2134617,Yannakakis,flatten,142
5122724,BinaryJoin,flatten,142
2138194,Yannakakis,flatten,142
5131258,BinaryJoin,flatten,142
2142393,Yannakakis,flatten,142
5136901,BinaryJoin,flatten,142
2144589,Yannakakis,flatten,142
5135265,BinaryJoin,flatten,142
2147012,Yannakakis,flatten,142
5137885,BinaryJoin,flatten,142
2150547,Yannakakis,flatten,142
5125129,BinaryJoin,flatten,142
2148749,Yannakakis,flatten,142
5130142,BinaryJoin,flatten,142
2149224,Yannakakis,flatten,142
5137921,BinaryJoin,flatten,142
2152026,Yannakakis,flatten,142
6798,BinaryJoin,flatten,36
5173,Yannakakis,flatten,36
5891,BinaryJoin,flatten,36
5184,Yannakakis,flatten,36
6151,BinaryJoin,flatten,36
4874,Yannakakis,flatten,36
6824,BinaryJoin,flatten,36
5059,Yannakakis,flatten,36
5973,BinaryJoin,flatten,36
4860,Yannakakis,flatten,36
6180,BinaryJoin,flatten,36
5045,Yannakakis,flatten,36
5916,BinaryJoin,flatten,36
5123,Yannakakis,flatten,36
6075,BinaryJoin,flatten,36
5064,Yannakakis,flatten,36
6191,BinaryJoin,flatten,36
5228,Yannakakis,flatten,36
5956,BinaryJoin,flatten,36
4837,Yannakakis,flatten,36
14719,BinaryJoin,flatten,127
11844,Yannakakis,flatten,127
15454,BinaryJoin,flatten,127
11610,Yannakakis,flatten,127
14759,BinaryJoin,flatten,127
11244,Yannakakis,flatten,127
14796,BinaryJoin,flatten,127
11392,Yannakakis,flatten,127
14680,BinaryJoin,flatten,127
11460,Yannakakis,flatten,127
14832,BinaryJoin,flatten,127
11489,Yannakakis,flatten,127
14664,BinaryJoin,flatten,127
12028,Yannakakis,flatten,127
15257,BinaryJoin,flatten,127
11616,Yannakakis,flatten,127
14996,BinaryJoin,flatten,127
11633,Yannakakis,flatten,127
14743,BinaryJoin,flatten,127
11488,Yannakakis,flatten,127
26100,BinaryJoin,flatten,146
32678,Yannakakis,flatten,146
26862,BinaryJoin,flatten,146
32684,Yannakakis,flatten,146
26376,BinaryJoin,flatten,146
32285,Yannakakis,flatten,146
26506,BinaryJoin,flatten,146
32590,Yannakakis,flatten,146
26402,BinaryJoin,flatten,146
31957,Yannakakis,flatten,146
26534,BinaryJoin,flatten,146
33102,Yannakakis,flatten,146
26408,BinaryJoin,flatten,146
32516,Yannakakis,flatten,146
26736,BinaryJoin,flatten,146
32848,Yannakakis,flatten,146
26391,BinaryJoin,flatten,146
32013,Yannakakis,flatten,146
26393,BinaryJoin,flatten,146
32386,Yannakakis,flatten,146
39913,BinaryJoin,flatten,103
9751,Yannakakis,flatten,103
40265,BinaryJoin,flatten,103
9785,Yannakakis,flatten,103
39600,BinaryJoin,flatten,103
9590,Yannakakis,flatten,103
39664,BinaryJoin,flatten,103
9623,Yannakakis,flatten,103
40164,BinaryJoin,flatten,103
10397,Yannakakis,flatten,103
40225,BinaryJoin,flatten,103
10523,Yannakakis,flatten,103
39629,BinaryJoin,flatten,103
9723,Yannakakis,flatten,103
39815,BinaryJoin,flatten,103
10198,Yannakakis,flatten,103
39937,BinaryJoin,flatten,103
9554,Yannakakis,flatten,103
39133,BinaryJoin,flatten,103
9513,Yannakakis,flatten,103
17138,BinaryJoin,flatten,94
5541,Yannakakis,flatten,94
16812,BinaryJoin,flatten,94
5566,Yannakakis,flatten,94
16555,BinaryJoin,flatten,94
5514,Yannakakis,flatten,94
16070,BinaryJoin,flatten,94
5679,Yannakakis,flatten,94
16007,BinaryJoin,flatten,94
5539,Yannakakis,flatten,94
16284,BinaryJoin,flatten,94
5509,Yannakakis,flatten,94
16135,BinaryJoin,flatten,94
5557,Yannakakis,flatten,94
16173,BinaryJoin,flatten,94
5766,Yannakakis,flatten,94
15924,BinaryJoin,flatten,94
6027,Yannakakis,flatten,94
15837,BinaryJoin,flatten,94
5740,Yannakakis,flatten,94
26414,BinaryJoin,flatten,119
7611,Yannakakis,flatten,119
26407,BinaryJoin,flatten,119
8691,Yannakakis,flatten,119
26966,BinaryJoin,flatten,119
7576,Yannakakis,flatten,119
26050,BinaryJoin,flatten,119
8215,Yannakakis,flatten,119
26284,BinaryJoin,flatten,119
7728,Yannakakis,flatten,119
26460,BinaryJoin,flatten,119
8526,Yannakakis,flatten,119
26711,BinaryJoin,flatten,119
7635,Yannakakis,flatten,119
26380,BinaryJoin,flatten,119
7774,Yannakakis,flatten,119
25814,BinaryJoin,flatten,119
7671,Yannakakis,flatten,119
26267,BinaryJoin,flatten,119
8341,Yannakakis,flatten,119
54480,BinaryJoin,flatten,102
17498,Yannakakis,flatten,102
54808,BinaryJoin,flatten,102
17525,Yannakakis,flatten,102
54370,BinaryJoin,flatten,102
17606,Yannakakis,flatten,102
54482,BinaryJoin,flatten,102
17496,Yannakakis,flatten,102
54288,BinaryJoin,flatten,102
17519,Yannakakis,flatten,102
54309,BinaryJoin,flatten,102
17655,Yannakakis,flatten,102
54484,BinaryJoin,flatten,102
17526,Yannakakis,flatten,102
54070,BinaryJoin,flatten,102
17517,Yannakakis,flatten,102
54304,BinaryJoin,flatten,102
17957,Yannakakis,flatten,102
54740,BinaryJoin,flatten,102
17536,Yannakakis,flatten,102
78497,BinaryJoin,flatten,95
15148,Yannakakis,flatten,95
78634,BinaryJoin,flatten,95
15074,Yannakakis,flatten,95
77342,BinaryJoin,flatten,95
15195,Yannakakis,flatten,95
77502,BinaryJoin,flatten,95
15071,Yannakakis,flatten,95
78512,BinaryJoin,flatten,95
15087,Yannakakis,flatten,95
77476,BinaryJoin,flatten,95
15030,Yannakakis,flatten,95
77769,BinaryJoin,flatten,95
15253,Yannakakis,flatten,95
77366,BinaryJoin,flatten,95
15255,Yannakakis,flatten,95
77571,BinaryJoin,flatten,95
15190,Yannakakis,flatten,95
78504,BinaryJoin,flatten,95
15809,Yannakakis,flatten,95
11791,BinaryJoin,flatten,46
6887,Yannakakis,flatten,46
11610,BinaryJoin,flatten,46
6920,Yannakakis,flatten,46
12069,BinaryJoin,flatten,46
6861,Yannakakis,flatten,46
11972,BinaryJoin,flatten,46
6923,Yannakakis,flatten,46
11749,BinaryJoin,flatten,46
6816,Yannakakis,flatten,46
11376,BinaryJoin,flatten,46
7140,Yannakakis,flatten,46
11397,BinaryJoin,flatten,46
7111,Yannakakis,flatten,46
11864,BinaryJoin,flatten,46
6849,Yannakakis,flatten,46
11863,BinaryJoin,flatten,46
6963,Yannakakis,flatten,46
10954,BinaryJoin,flatten,46
7505,Yannakakis,flatten,46
2842860,BinaryJoin,flatten,140
837425,Yannakakis,flatten,140
2840390,BinaryJoin,flatten,140
839259,Yannakakis,flatten,140
2841545,BinaryJoin,flatten,140
838875,Yannakakis,flatten,140
2847666,BinaryJoin,flatten,140
839578,Yannakakis,flatten,140
2836651,BinaryJoin,flatten,140
838251,Yannakakis,flatten,140
2842558,BinaryJoin,flatten,140
838282,Yannakakis,flatten,140
2841603,BinaryJoin,flatten,140
839755,Yannakakis,flatten,140
2845623,BinaryJoin,flatten,140
840939,Yannakakis,flatten,140
2834375,BinaryJoin,flatten,140
839730,Yannakakis,flatten,140
2845166,BinaryJoin,flatten,140
840124,Yannakakis,flatten,140
10321,BinaryJoin,flatten,66
8975,Yannakakis,flatten,66
9949,BinaryJoin,flatten,66
9354,Yannakakis,flatten,66
9795,BinaryJoin,flatten,66
9233,Yannakakis,flatten,66
9910,BinaryJoin,flatten,66
8861,Yannakakis,flatten,66
9804,BinaryJoin,flatten,66
8951,Yannakakis,flatten,66
9815,BinaryJoin,flatten,66
9670,Yannakakis,flatten,66
9796,BinaryJoin,flatten,66
9863,Yannakakis,flatten,66
9855,BinaryJoin,flatten,66
9261,Yannakakis,flatten,66
9921,BinaryJoin,flatten,66
9487,Yannakakis,flatten,66
10035,BinaryJoin,flatten,66
9072,Yannakakis,flatten,66
7681215,BinaryJoin,flatten,108
1059515,Yannakakis,flatten,108
7635010,BinaryJoin,flatten,108
1056185,Yannakakis,flatten,108
7647579,BinaryJoin,flatten,108
1059000,Yannakakis,flatten,108
7654329,BinaryJoin,flatten,108
1059988,Yannakakis,flatten,108
7641498,BinaryJoin,flatten,108
1059207,Yannakakis,flatten,108
7656397,BinaryJoin,flatten,108
1059048,Yannakakis,flatten,108
7651398,BinaryJoin,flatten,108
1060816,Yannakakis,flatten,108
7636967,BinaryJoin,flatten,108
1058608,Yannakakis,flatten,108
7653852,BinaryJoin,flatten,108
1060633,Yannakakis,flatten,108
7653338,BinaryJoin,flatten,108
1060852,Yannakakis,flatten,108
11011,BinaryJoin,flatten,132
8504,Yannakakis,flatten,132
11399,BinaryJoin,flatten,132
8747,Yannakakis,flatten,132
11251,BinaryJoin,flatten,132
8182,Yannakakis,flatten,132
11190,BinaryJoin,flatten,132
8485,Yannakakis,flatten,132
11229,BinaryJoin,flatten,132
8528,Yannakakis,flatten,132
11219,BinaryJoin,flatten,132
8573,Yannakakis,flatten,132
11788,BinaryJoin,flatten,132
8524,Yannakakis,flatten,132
11013,BinaryJoin,flatten,132
8545,Yannakakis,flatten,132
10942,BinaryJoin,flatten,132
8515,Yannakakis,flatten,132
11083,BinaryJoin,flatten,132
8745,Yannakakis,flatten,132
3869,BinaryJoin,flatten,26
2237,Yannakakis,flatten,26
3608,BinaryJoin,flatten,26
2260,Yannakakis,flatten,26
3706,BinaryJoin,flatten,26
2238,Yannakakis,flatten,26
3560,BinaryJoin,flatten,26
2222,Yannakakis,flatten,26
3588,BinaryJoin,flatten,26
2319,Yannakakis,flatten,26
4012,BinaryJoin,flatten,26
2246,Yannakakis,flatten,26
3623,BinaryJoin,flatten,26
2195,Yannakakis,flatten,26
3591,BinaryJoin,flatten,26
2297,Yannakakis,flatten,26
3703,BinaryJoin,flatten,26
2369,Yannakakis,flatten,26
3595,BinaryJoin,flatten,26
2216,Yannakakis,flatten,26
5858614,BinaryJoin,flatten,141
1820348,Yannakakis,flatten,141
5867702,BinaryJoin,flatten,141
1821237,Yannakakis,flatten,141
5860419,BinaryJoin,flatten,141
1821548,Yannakakis,flatten,141
5861483,BinaryJoin,flatten,141
1820483,Yannakakis,flatten,141
5867463,BinaryJoin,flatten,141
1821042,Yannakakis,flatten,141
5864461,BinaryJoin,flatten,141
1820364,Yannakakis,flatten,141
5865907,BinaryJoin,flatten,141
1822350,Yannakakis,flatten,141
5873436,BinaryJoin,flatten,141
1826738,Yannakakis,flatten,141
5873767,BinaryJoin,flatten,141
1823932,Yannakakis,flatten,141
5871648,BinaryJoin,flatten,141
1825756,Yannakakis,flatten,141
19130,BinaryJoin,flatten,110
8776,Yannakakis,flatten,110
18732,BinaryJoin,flatten,110
9484,Yannakakis,flatten,110
19677,BinaryJoin,flatten,110
8642,Yannakakis,flatten,110
19423,BinaryJoin,flatten,110
8660,Yannakakis,flatten,110
18725,BinaryJoin,flatten,110
8901,Yannakakis,flatten,110
19044,BinaryJoin,flatten,110
9027,Yannakakis,flatten,110
19414,BinaryJoin,flatten,110
8657,Yannakakis,flatten,110
18783,BinaryJoin,flatten,110
9026,Yannakakis,flatten,110
18629,BinaryJoin,flatten,110
9286,Yannakakis,flatten,110
19718,BinaryJoin,flatten,110
8692,Yannakakis,flatten,110
50019,BinaryJoin,flatten,91
13082,Yannakakis,flatten,91
49158,BinaryJoin,flatten,91
11828,Yannakakis,flatten,91
48965,BinaryJoin,flatten,91
11713,Yannakakis,flatten,91
48827,BinaryJoin,flatten,91
11763,Yannakakis,flatten,91
48977,BinaryJoin,flatten,91
11714,Yannakakis,flatten,91
48653,BinaryJoin,flatten,91
11728,Yannakakis,flatten,91
49073,BinaryJoin,flatten,91
11664,Yannakakis,flatten,91
49024,BinaryJoin,flatten,91
11665,Yannakakis,flatten,91
49220,BinaryJoin,flatten,91
11789,Yannakakis,flatten,91
48724,BinaryJoin,flatten,91
11677,Yannakakis,flatten,91
5592,BinaryJoin,flatten,23
3372,Yannakakis,flatten,23
4905,BinaryJoin,flatten,23
2985,Yannakakis,flatten,23
5949,BinaryJoin,flatten,23
3142,Yannakakis,flatten,23
5010,BinaryJoin,flatten,23
3020,Yannakakis,flatten,23
4822,BinaryJoin,flatten,23
3352,Yannakakis,flatten,23
5123,BinaryJoin,flatten,23
3045,Yannakakis,flatten,23
4796,BinaryJoin,flatten,23
3009,Yannakakis,flatten,23
5482,BinaryJoin,flatten,23
3142,Yannakakis,flatten,23
4979,BinaryJoin,flatten,23
3002,Yannakakis,flatten,23
5318,BinaryJoin,flatten,23
3212,Yannakakis,flatten,23
42908200,BinaryJoin,flatten,126
5700876,Yannakakis,flatten,126
42940125,BinaryJoin,flatten,126
5700333,Yannakakis,flatten,126
42923919,BinaryJoin,flatten,126
5719890,Yannakakis,flatten,126
42899610,BinaryJoin,flatten,126
5705552,Yannakakis,flatten,126
42944557,BinaryJoin,flatten,126
5703342,Yannakakis,flatten,126
42928068,BinaryJoin,flatten,126
5701622,Yannakakis,flatten,126
42901161,BinaryJoin,flatten,126
5702624,Yannakakis,flatten,126
42908037,BinaryJoin,flatten,126
5710753,Yannakakis,flatten,126
42947678,BinaryJoin,flatten,126
5702244,Yannakakis,flatten,126
42931604,BinaryJoin,flatten,126
5717502,Yannakakis,flatten,126
7954,BinaryJoin,flatten,6
3185,Yannakakis,flatten,6
7093,BinaryJoin,flatten,6
3150,Yannakakis,flatten,6
7541,BinaryJoin,flatten,6
2931,Yannakakis,flatten,6
6871,BinaryJoin,flatten,6
3145,Yannakakis,flatten,6
7278,BinaryJoin,flatten,6
2983,Yannakakis,flatten,6
6836,BinaryJoin,flatten,6
3092,Yannakakis,flatten,6
7597,BinaryJoin,flatten,6
2945,Yannakakis,flatten,6
6847,BinaryJoin,flatten,6
2904,Yannakakis,flatten,6
7326,BinaryJoin,flatten,6
2993,Yannakakis,flatten,6
6863,BinaryJoin,flatten,6
2868,Yannakakis,flatten,6
102244,BinaryJoin,flatten,77
26271,Yannakakis,flatten,77
100156,BinaryJoin,flatten,77
26504,Yannakakis,flatten,77
98464,BinaryJoin,flatten,77
25830,Yannakakis,flatten,77
99683,BinaryJoin,flatten,77
25947,Yannakakis,flatten,77
98606,BinaryJoin,flatten,77
25927,Yannakakis,flatten,77
99574,BinaryJoin,flatten,77
26099,Yannakakis,flatten,77
98946,BinaryJoin,flatten,77
26044,Yannakakis,flatten,77
99958,BinaryJoin,flatten,77
26715,Yannakakis,flatten,77
98401,BinaryJoin,flatten,77
25990,Yannakakis,flatten,77
99925,BinaryJoin,flatten,77
26400,Yannakakis,flatten,77
18162,BinaryJoin,flatten,118
16417,Yannakakis,flatten,118
19075,BinaryJoin,flatten,118
15566,Yannakakis,flatten,118
18812,BinaryJoin,flatten,118
15513,Yannakakis,flatten,118
18953,BinaryJoin,flatten,118
15528,Yannakakis,flatten,118
18130,BinaryJoin,flatten,118
16146,Yannakakis,flatten,118
18767,BinaryJoin,flatten,118
15756,Yannakakis,flatten,118
19006,BinaryJoin,flatten,118
15434,Yannakakis,flatten,118
19531,BinaryJoin,flatten,118
15394,Yannakakis,flatten,118
19028,BinaryJoin,flatten,118
15485,Yannakakis,flatten,118
17998,BinaryJoin,flatten,118
15869,Yannakakis,flatten,118
195118,BinaryJoin,flatten,113
35939,Yannakakis,flatten,113
194998,BinaryJoin,flatten,113
35947,Yannakakis,flatten,113
193328,BinaryJoin,flatten,113
35819,Yannakakis,flatten,113
195946,BinaryJoin,flatten,113
35383,Yannakakis,flatten,113
193521,BinaryJoin,flatten,113
35095,Yannakakis,flatten,113
196017,BinaryJoin,flatten,113
35860,Yannakakis,flatten,113
193985,BinaryJoin,flatten,113
35544,Yannakakis,flatten,113
195547,BinaryJoin,flatten,113
35771,Yannakakis,flatten,113
193586,BinaryJoin,flatten,113
35570,Yannakakis,flatten,113
193251,BinaryJoin,flatten,113
35156,Yannakakis,flatten,113
104648,BinaryJoin,flatten,85
19585,Yannakakis,flatten,85
103658,BinaryJoin,flatten,85
19442,Yannakakis,flatten,85
104294,BinaryJoin,flatten,85
19511,Yannakakis,flatten,85
103563,BinaryJoin,flatten,85
19551,Yannakakis,flatten,85
104225,BinaryJoin,flatten,85
19445,Yannakakis,flatten,85
103620,BinaryJoin,flatten,85
19655,Yannakakis,flatten,85
103030,BinaryJoin,flatten,85
19464,Yannakakis,flatten,85
103416,BinaryJoin,flatten,85
19517,Yannakakis,flatten,85
103770,BinaryJoin,flatten,85
19483,Yannakakis,flatten,85
103954,BinaryJoin,flatten,85
19515,Yannakakis,flatten,85
1484928,BinaryJoin,flatten,51
164928,Yannakakis,flatten,51
1484543,BinaryJoin,flatten,51
164534,Yannakakis,flatten,51
1485668,BinaryJoin,flatten,51
164675,Yannakakis,flatten,51
1485187,BinaryJoin,flatten,51
164492,Yannakakis,flatten,51
1483228,BinaryJoin,flatten,51
164191,Yannakakis,flatten,51
1483928,BinaryJoin,flatten,51
163956,Yannakakis,flatten,51
1483614,BinaryJoin,flatten,51
163809,Yannakakis,flatten,51
1487618,BinaryJoin,flatten,51
164077,Yannakakis,flatten,51
1486303,BinaryJoin,flatten,51
164126,Yannakakis,flatten,51
1485437,BinaryJoin,flatten,51
164345,Yannakakis,flatten,51
31807,BinaryJoin,flatten,22
7635,Yannakakis,flatten,22
31298,BinaryJoin,flatten,22
7701,Yannakakis,flatten,22
31392,BinaryJoin,flatten,22
7347,Yannakakis,flatten,22
31355,BinaryJoin,flatten,22
7201,Yannakakis,flatten,22
30688,BinaryJoin,flatten,22
7371,Yannakakis,flatten,22
31140,BinaryJoin,flatten,22
7279,Yannakakis,flatten,22
30842,BinaryJoin,flatten,22
7210,Yannakakis,flatten,22
30669,BinaryJoin,flatten,22
7392,Yannakakis,flatten,22
31041,BinaryJoin,flatten,22
7538,Yannakakis,flatten,22
30979,BinaryJoin,flatten,22
7361,Yannakakis,flatten,22
22165,BinaryJoin,flatten,121
8225,Yannakakis,flatten,121
23665,BinaryJoin,flatten,121
7262,Yannakakis,flatten,121
23303,BinaryJoin,flatten,121
7272,Yannakakis,flatten,121
22819,BinaryJoin,flatten,121
7366,Yannakakis,flatten,121
23820,BinaryJoin,flatten,121
7242,Yannakakis,flatten,121
23455,BinaryJoin,flatten,121
7477,Yannakakis,flatten,121
22387,BinaryJoin,flatten,121
7726,Yannakakis,flatten,121
23006,BinaryJoin,flatten,121
7275,Yannakakis,flatten,121
22170,BinaryJoin,flatten,121
7992,Yannakakis,flatten,121
23744,BinaryJoin,flatten,121
7247,Yannakakis,flatten,121
1981,BinaryJoin,flatten,24
1778,Yannakakis,flatten,24
1879,BinaryJoin,flatten,24
1550,Yannakakis,flatten,24
1832,BinaryJoin,flatten,24
1543,Yannakakis,flatten,24
1803,BinaryJoin,flatten,24
1549,Yannakakis,flatten,24
1805,BinaryJoin,flatten,24
1595,Yannakakis,flatten,24
1879,BinaryJoin,flatten,24
1658,Yannakakis,flatten,24
1834,BinaryJoin,flatten,24
1583,Yannakakis,flatten,24
1812,BinaryJoin,flatten,24
1556,Yannakakis,flatten,24
1806,BinaryJoin,flatten,24
1559,Yannakakis,flatten,24
1817,BinaryJoin,flatten,24
1580,Yannakakis,flatten,24
5827,BinaryJoin,flatten,137
6138,Yannakakis,flatten,137
5399,BinaryJoin,flatten,137
6032,Yannakakis,flatten,137
5458,BinaryJoin,flatten,137
5868,Yannakakis,flatten,137
5545,BinaryJoin,flatten,137
5987,Yannakakis,flatten,137
5416,BinaryJoin,flatten,137
6503,Yannakakis,flatten,137
5424,BinaryJoin,flatten,137
5840,Yannakakis,flatten,137
5558,BinaryJoin,flatten,137
5900,Yannakakis,flatten,137
5359,BinaryJoin,flatten,137
6124,Yannakakis,flatten,137
5494,BinaryJoin,flatten,137
5825,Yannakakis,flatten,137
5795,BinaryJoin,flatten,137
5894,Yannakakis,flatten,137
1693159,BinaryJoin,flatten,70
338704,Yannakakis,flatten,70
1690502,BinaryJoin,flatten,70
338896,Yannakakis,flatten,70
1688797,BinaryJoin,flatten,70
337915,Yannakakis,flatten,70
1686484,BinaryJoin,flatten,70
338770,Yannakakis,flatten,70
1689043,BinaryJoin,flatten,70
338788,Yannakakis,flatten,70
1691731,BinaryJoin,flatten,70
338246,Yannakakis,flatten,70
1689918,BinaryJoin,flatten,70
338120,Yannakakis,flatten,70
1690453,BinaryJoin,flatten,70
338910,Yannakakis,flatten,70
1688943,BinaryJoin,flatten,70
337271,Yannakakis,flatten,70
1685779,BinaryJoin,flatten,70
338303,Yannakakis,flatten,70
2309,BinaryJoin,flatten,54
2680,Yannakakis,flatten,54
2127,BinaryJoin,flatten,54
2533,Yannakakis,flatten,54
2109,BinaryJoin,flatten,54
2596,Yannakakis,flatten,54
2160,BinaryJoin,flatten,54
2638,Yannakakis,flatten,54
2116,BinaryJoin,flatten,54
2547,Yannakakis,flatten,54
2108,BinaryJoin,flatten,54
2577,Yannakakis,flatten,54
2539,BinaryJoin,flatten,54
2657,Yannakakis,flatten,54
2125,BinaryJoin,flatten,54
2567,Yannakakis,flatten,54
2101,BinaryJoin,flatten,54
2527,Yannakakis,flatten,54
2388,BinaryJoin,flatten,54
2589,Yannakakis,flatten,54
260704,BinaryJoin,flatten,32
37955,Yannakakis,flatten,32
261964,BinaryJoin,flatten,32
37992,Yannakakis,flatten,32
260847,BinaryJoin,flatten,32
38600,Yannakakis,flatten,32
262569,BinaryJoin,flatten,32
38042,Yannakakis,flatten,32
260005,BinaryJoin,flatten,32
38312,Yannakakis,flatten,32
259874,BinaryJoin,flatten,32
38021,Yannakakis,flatten,32
261421,BinaryJoin,flatten,32
38325,Yannakakis,flatten,32
260131,BinaryJoin,flatten,32
38365,Yannakakis,flatten,32
262700,BinaryJoin,flatten,32
38067,Yannakakis,flatten,32
260378,BinaryJoin,flatten,32
38802,Yannakakis,flatten,32
157590,BinaryJoin,flatten,60
66936,Yannakakis,flatten,60
155065,BinaryJoin,flatten,60
67200,Yannakakis,flatten,60
157041,BinaryJoin,flatten,60
66905,Yannakakis,flatten,60
155281,BinaryJoin,flatten,60
67106,Yannakakis,flatten,60
155270,BinaryJoin,flatten,60
67206,Yannakakis,flatten,60
155297,BinaryJoin,flatten,60
67362,Yannakakis,flatten,60
155413,BinaryJoin,flatten,60
66997,Yannakakis,flatten,60
155621,BinaryJoin,flatten,60
66802,Yannakakis,flatten,60
155585,BinaryJoin,flatten,60
67012,Yannakakis,flatten,60
156679,BinaryJoin,flatten,60
66981,Yannakakis,flatten,60
11231,BinaryJoin,flatten,128
6779,Yannakakis,flatten,128
11636,BinaryJoin,flatten,128
6687,Yannakakis,flatten,128
11603,BinaryJoin,flatten,128
6880,Yannakakis,flatten,128
11761,BinaryJoin,flatten,128
6827,Yannakakis,flatten,128
12052,BinaryJoin,flatten,128
6713,Yannakakis,flatten,128
11919,BinaryJoin,flatten,128
6778,Yannakakis,flatten,128
11841,BinaryJoin,flatten,128
6792,Yannakakis,flatten,128
11968,BinaryJoin,flatten,128
6959,Yannakakis,flatten,128
11325,BinaryJoin,flatten,128
7428,Yannakakis,flatten,128
11137,BinaryJoin,flatten,128
7301,Yannakakis,flatten,128
20783,BinaryJoin,flatten,80
6833,Yannakakis,flatten,80
20690,BinaryJoin,flatten,80
6586,Yannakakis,flatten,80
19893,BinaryJoin,flatten,80
7594,Yannakakis,flatten,80
19955,BinaryJoin,flatten,80
7146,Yannakakis,flatten,80
19986,BinaryJoin,flatten,80
6694,Yannakakis,flatten,80
20148,BinaryJoin,flatten,80
6725,Yannakakis,flatten,80
20888,BinaryJoin,flatten,80
6774,Yannakakis,flatten,80
20156,BinaryJoin,flatten,80
7222,Yannakakis,flatten,80
19880,BinaryJoin,flatten,80
7269,Yannakakis,flatten,80
19933,BinaryJoin,flatten,80
6715,Yannakakis,flatten,80
1086110,BinaryJoin,flatten,71
218443,Yannakakis,flatten,71
1076698,BinaryJoin,flatten,71
218530,Yannakakis,flatten,71
1075877,BinaryJoin,flatten,71
218028,Yannakakis,flatten,71
1077549,BinaryJoin,flatten,71
217863,Yannakakis,flatten,71
1077712,BinaryJoin,flatten,71
217823,Yannakakis,flatten,71
1078544,BinaryJoin,flatten,71
218113,Yannakakis,flatten,71
1075591,BinaryJoin,flatten,71
218183,Yannakakis,flatten,71
1078318,BinaryJoin,flatten,71
218039,Yannakakis,flatten,71
1076871,BinaryJoin,flatten,71
219841,Yannakakis,flatten,71
1077050,BinaryJoin,flatten,71
218223,Yannakakis,flatten,71
64210,BinaryJoin,flatten,31
13357,Yannakakis,flatten,31
64401,BinaryJoin,flatten,31
13230,Yannakakis,flatten,31
63736,BinaryJoin,flatten,31
13426,Yannakakis,flatten,31
63699,BinaryJoin,flatten,31
13404,Yannakakis,flatten,31
64180,BinaryJoin,flatten,31
13269,Yannakakis,flatten,31
64323,BinaryJoin,flatten,31
13253,Yannakakis,flatten,31
63683,BinaryJoin,flatten,31
13305,Yannakakis,flatten,31
64180,BinaryJoin,flatten,31
13952,Yannakakis,flatten,31
63805,BinaryJoin,flatten,31
13226,Yannakakis,flatten,31
63989,BinaryJoin,flatten,31
13266,Yannakakis,flatten,31
6347,BinaryJoin,flatten,63
5081,Yannakakis,flatten,63
6427,BinaryJoin,flatten,63
5027,Yannakakis,flatten,63
6072,BinaryJoin,flatten,63
4843,Yannakakis,flatten,63
6674,BinaryJoin,flatten,63
4833,Yannakakis,flatten,63
6370,BinaryJoin,flatten,63
5012,Yannakakis,flatten,63
6078,BinaryJoin,flatten,63
5185,Yannakakis,flatten,63
6202,BinaryJoin,flatten,63
5074,Yannakakis,flatten,63
6854,BinaryJoin,flatten,63
4989,Yannakakis,flatten,63
6080,BinaryJoin,flatten,63
4891,Yannakakis,flatten,63
6286,BinaryJoin,flatten,63
4959,Yannakakis,flatten,63
8242,BinaryJoin,flatten,13
5045,Yannakakis,flatten,13
7489,BinaryJoin,flatten,13
4666,Yannakakis,flatten,13
8288,BinaryJoin,flatten,13
4680,Yannakakis,flatten,13
7963,BinaryJoin,flatten,13
4882,Yannakakis,flatten,13
7643,BinaryJoin,flatten,13
4664,Yannakakis,flatten,13
7835,BinaryJoin,flatten,13
4772,Yannakakis,flatten,13
8240,BinaryJoin,flatten,13
4970,Yannakakis,flatten,13
7687,BinaryJoin,flatten,13
4630,Yannakakis,flatten,13
7914,BinaryJoin,flatten,13
4680,Yannakakis,flatten,13
7520,BinaryJoin,flatten,13
4889,Yannakakis,flatten,13
6855251,BinaryJoin,flatten,107
957501,Yannakakis,flatten,107
6844839,BinaryJoin,flatten,107
958961,Yannakakis,flatten,107
6821541,BinaryJoin,flatten,107
959420,Yannakakis,flatten,107
6853729,BinaryJoin,flatten,107
962021,Yannakakis,flatten,107
6854039,BinaryJoin,flatten,107
960602,Yannakakis,flatten,107
6855727,BinaryJoin,flatten,107
961513,Yannakakis,flatten,107
6856176,BinaryJoin,flatten,107
960723,Yannakakis,flatten,107
6854807,BinaryJoin,flatten,107
962589,Yannakakis,flatten,107
6846915,BinaryJoin,flatten,107
960021,Yannakakis,flatten,107
6858823,BinaryJoin,flatten,107
962164,Yannakakis,flatten,107
7160,BinaryJoin,flatten,134
6941,Yannakakis,flatten,134
6967,BinaryJoin,flatten,134
6894,Yannakakis,flatten,134
32786,BinaryJoin,flatten,134
31153,Yannakakis,flatten,134
33072,BinaryJoin,flatten,134
31580,Yannakakis,flatten,134
20882,BinaryJoin,flatten,134
7136,Yannakakis,flatten,134
6962,BinaryJoin,flatten,134
7473,Yannakakis,flatten,134
6828,BinaryJoin,flatten,134
7064,Yannakakis,flatten,134
6974,BinaryJoin,flatten,134
6766,Yannakakis,flatten,134
7028,BinaryJoin,flatten,134
6902,Yannakakis,flatten,134
7813,BinaryJoin,flatten,134
6785,Yannakakis,flatten,134
501291,BinaryJoin,flatten,98
71373,Yannakakis,flatten,98
505378,BinaryJoin,flatten,98
72493,Yannakakis,flatten,98
504373,BinaryJoin,flatten,98
71806,Yannakakis,flatten,98
503969,BinaryJoin,flatten,98
72069,Yannakakis,flatten,98
500872,BinaryJoin,flatten,98
71658,Yannakakis,flatten,98
499748,BinaryJoin,flatten,98
72790,Yannakakis,flatten,98
499038,BinaryJoin,flatten,98
71389,Yannakakis,flatten,98
503283,BinaryJoin,flatten,98
72547,Yannakakis,flatten,98
501648,BinaryJoin,flatten,98
71905,Yannakakis,flatten,98
502489,BinaryJoin,flatten,98
72481,Yannakakis,flatten,98
8480,BinaryJoin,flatten,21
5474,Yannakakis,flatten,21
8080,BinaryJoin,flatten,21
6168,Yannakakis,flatten,21
7977,BinaryJoin,flatten,21
5142,Yannakakis,flatten,21
8492,BinaryJoin,flatten,21
5285,Yannakakis,flatten,21
8003,BinaryJoin,flatten,21
5793,Yannakakis,flatten,21
8023,BinaryJoin,flatten,21
5175,Yannakakis,flatten,21
8383,BinaryJoin,flatten,21
5296,Yannakakis,flatten,21
8828,BinaryJoin,flatten,21
5572,Yannakakis,flatten,21
7995,BinaryJoin,flatten,21
5178,Yannakakis,flatten,21
8086,BinaryJoin,flatten,21
5236,Yannakakis,flatten,21
