query,well_behaved,1a,1b
watdiv_acyclic_213_13,True,True,True
job_acyclic_105_77,True,True,True
job_acyclic_109_82,True,True,True
epinions_acyclic_204_03,False,False,True
dblp_acyclic_207_03,False,False,True
dblp_acyclic_201_04,True,True,True
yago_acyclic_star_6_16,True,True,True
epinions_acyclic_210_09,False,False,False
job_acyclic_103_51,True,True,True
job_acyclic_102_82,True,True,True
job_acyclic_102_53,True,True,True
yago_acyclic_star_6_49,True,True,True
watdiv_acyclic_202_08,True,True,True
job_acyclic_103_81,True,True,True
watdiv_acyclic_211_15,False,True,False
yago_acyclic_star_6_30,True,True,True
job_acyclic_108_45,True,True,True
job_acyclic_108_04,True,True,True
watdiv_acyclic_209_18,False,True,False
job_acyclic_111_47,False,True,False
yago_acyclic_chain_6_33,False,True,False
yago_acyclic_tree_6_59,False,True,False
job_acyclic_102_13,True,True,True
job_acyclic_103_06,True,True,True
yago_acyclic_star_6_74,True,True,True
dblp_acyclic_204_07,False,True,False
dblp_acyclic_202_15,False,True,False
yago_acyclic_chain_12_02,False,False,False
watdiv_acyclic_202_07,False,True,False
job_acyclic_109_65,True,True,True
epinions_acyclic_203_13,False,False,True
dblp_acyclic_212_03,True,True,True
job_acyclic_103_24,True,True,True
job_acyclic_104_09,True,True,True
yago_acyclic_chain_9_62,False,False,False
job_acyclic_102_12,True,True,True
epinions_acyclic_208_15,False,True,False
epinions_acyclic_203_17,False,False,True
job_acyclic_109_96,True,True,True
yago_acyclic_chain_12_66,False,False,False
job_acyclic_103_78,True,True,True
job_acyclic_105_27,True,True,True
yago_acyclic_star_6_11,True,True,True
dblp_acyclic_202_07,False,False,True
epinions_acyclic_215_17,False,True,False
yago_acyclic_chain_12_13,False,False,False
dblp_acyclic_204_10,False,True,False
job_acyclic_108_82,True,True,True
watdiv_acyclic_204_06,False,True,False
job_acyclic_105_37,True,True,True
epinions_acyclic_218_00,False,False,False
yago_acyclic_chain_6_19,False,False,False
yago_acyclic_tree_6_38,False,True,False
job_acyclic_103_55,True,True,True
job_acyclic_103_20,True,True,True
job_acyclic_102_57,True,True,True
job_acyclic_102_31,True,True,True
job_acyclic_102_18,True,True,True
dblp_acyclic_213_09,False,True,False
yago_acyclic_chain_9_61,False,True,False
yago_acyclic_star_6_54,True,True,True
dblp_acyclic_204_05,False,True,False
job_acyclic_109_44,True,True,True
watdiv_acyclic_211_05,False,False,False
watdiv_acyclic_204_12,False,False,True
epinions_acyclic_215_04,False,False,False
job_acyclic_105_20,True,True,True
job_acyclic_104_16,True,True,True
job_acyclic_105_53,True,True,True
watdiv_acyclic_212_07,True,True,True
job_acyclic_111_21,False,True,False
dblp_acyclic_204_09,False,False,False
watdiv_acyclic_209_19,False,False,True
yago_acyclic_chain_9_74,False,False,False
dblp_acyclic_213_12,False,True,False
job_acyclic_103_27,True,True,True
yago_acyclic_star_6_72,True,True,True
yago_acyclic_chain_6_42,False,False,False
job_acyclic_108_49,True,True,True
watdiv_acyclic_215_03,False,False,True
epinions_acyclic_211_18,False,False,False
dblp_acyclic_206_10,True,True,True
epinions_acyclic_203_16,False,True,False
watdiv_acyclic_207_00,True,True,True
epinions_acyclic_209_08,False,False,True
dblp_acyclic_206_19,True,True,True
yago_acyclic_chain_6_70,False,False,False
job_acyclic_108_87,True,True,True
job_acyclic_102_27,True,True,True
job_acyclic_103_31,True,True,True
job_acyclic_105_95,True,True,True
job_acyclic_105_99,True,True,True
epinions_acyclic_208_16,False,False,True
yago_acyclic_chain_12_10,False,False,False
watdiv_acyclic_211_06,False,False,True
yago_acyclic_tree_6_09,False,True,False
watdiv_acyclic_202_01,True,True,True
epinions_acyclic_218_15,False,False,True
job_acyclic_103_01,True,True,True
job_acyclic_103_72,True,True,True
dblp_acyclic_209_05,False,False,False
yago_acyclic_star_6_29,True,True,True
watdiv_acyclic_208_12,True,True,True
job_acyclic_103_59,True,True,True
watdiv_acyclic_208_14,True,True,True
epinions_acyclic_208_17,False,False,True
epinions_acyclic_205_04,False,False,False
watdiv_acyclic_206_08,True,True,True
yago_acyclic_chain_9_13,False,True,False
watdiv_acyclic_211_14,False,False,False
yago_acyclic_tree_6_18,True,True,True
job_acyclic_104_17,True,True,True
yago_acyclic_tree_6_51,False,True,False
watdiv_acyclic_204_07,False,True,False
dblp_acyclic_209_08,False,True,False
watdiv_acyclic_208_01,False,False,False
job_acyclic_105_45,True,True,True
dblp_acyclic_209_13,False,False,False
dblp_acyclic_215_16,False,False,False
dblp_acyclic_213_08,False,True,False
yago_acyclic_chain_6_67,True,True,True
dblp_acyclic_207_01,True,True,True
yago_acyclic_tree_6_29,False,True,False
yago_acyclic_chain_9_70,False,True,False
watdiv_acyclic_208_16,True,True,True
watdiv_acyclic_204_13,False,False,False
job_acyclic_103_11,True,True,True
job_acyclic_105_81,True,True,True
job_acyclic_109_90,True,True,True
yago_acyclic_chain_12_23,False,False,False
job_acyclic_108_84,True,True,True
yago_acyclic_chain_9_15,False,True,False
yago_acyclic_chain_9_03,False,True,False
dblp_acyclic_210_12,False,True,False
job_acyclic_108_12,False,True,False
job_acyclic_107_13,False,True,False
job_acyclic_103_09,True,True,True
yago_acyclic_chain_6_34,False,False,False
dblp_acyclic_209_15,False,True,False
watdiv_acyclic_215_19,False,False,True
yago_acyclic_chain_12_29,True,True,True
job_acyclic_104_13,True,True,True
dblp_acyclic_213_07,False,True,False
watdiv_acyclic_212_04,True,True,True
yago_acyclic_chain_6_20,False,True,False
yago_acyclic_tree_6_42,False,True,False
watdiv_acyclic_204_08,True,True,True
job_acyclic_108_00,True,True,True
job_acyclic_102_23,True,True,True
job_acyclic_108_13,True,True,True
yago_acyclic_chain_6_23,False,True,False
job_acyclic_101_20,False,True,False
job_acyclic_109_36,True,True,True
job_acyclic_103_48,True,True,True
job_acyclic_103_41,True,True,True
dblp_acyclic_213_17,True,True,True
watdiv_acyclic_215_14,True,True,True
yago_acyclic_chain_12_68,True,True,True
epinions_acyclic_211_19,False,False,True
epinions_acyclic_209_12,False,False,True
epinions_acyclic_218_11,False,False,False
epinions_acyclic_205_06,False,False,False
dblp_acyclic_212_19,True,True,True
epinions_acyclic_204_05,False,False,False
epinions_acyclic_204_02,False,False,False
watdiv_acyclic_206_18,True,True,True
watdiv_acyclic_204_10,False,False,False
yago_acyclic_star_6_32,True,True,True
yago_acyclic_tree_6_64,False,True,False
yago_acyclic_tree_6_12,False,True,False
yago_acyclic_chain_6_06,False,False,False
yago_acyclic_tree_6_68,False,True,False
yago_acyclic_chain_9_45,False,False,False
dblp_acyclic_201_16,True,True,True
watdiv_acyclic_207_10,False,True,False
yago_acyclic_star_6_34,True,True,True
watdiv_acyclic_216_15,False,True,False
dblp_acyclic_213_18,False,True,False
yago_acyclic_chain_9_36,False,True,False
yago_acyclic_chain_12_56,False,True,False
yago_acyclic_tree_6_47,False,False,False
job_acyclic_101_15,False,True,False
job_acyclic_108_88,True,True,True
yago_acyclic_tree_6_14,False,True,False
watdiv_acyclic_214_02,False,True,False
job_acyclic_105_86,True,True,True
epinions_acyclic_217_00,False,False,False
yago_acyclic_chain_6_62,False,False,False
dblp_acyclic_203_16,False,True,False
job_acyclic_108_01,True,True,True
dblp_acyclic_209_11,False,True,False
job_acyclic_109_86,True,True,True
job_acyclic_102_04,True,True,True
epinions_acyclic_215_19,False,False,False
job_acyclic_103_87,True,True,True
watdiv_acyclic_214_11,False,False,False
job_acyclic_102_14,True,True,True
dblp_acyclic_202_05,False,False,True
dblp_acyclic_214_05,False,True,False
dblp_acyclic_203_15,False,True,False
job_acyclic_102_58,True,True,True
job_acyclic_103_33,True,True,True
yago_acyclic_chain_12_07,False,True,False
job_acyclic_109_62,True,True,True
yago_acyclic_chain_6_68,False,True,False
dblp_acyclic_207_09,False,True,False
watdiv_acyclic_209_16,False,True,False
yago_acyclic_chain_9_47,False,False,False
epinions_acyclic_205_12,False,False,True
job_acyclic_103_19,True,True,True
yago_acyclic_chain_12_11,False,False,False
job_acyclic_107_08,False,True,False
job_acyclic_101_12,True,True,True
yago_acyclic_chain_12_12,False,True,False
job_acyclic_102_81,True,True,True
epinions_acyclic_215_15,False,False,False
job_acyclic_102_60,True,True,True
dblp_acyclic_205_11,False,False,False
dblp_acyclic_203_07,False,True,False
watdiv_acyclic_215_07,False,True,False
yago_acyclic_chain_12_51,False,False,False
watdiv_acyclic_209_11,False,False,False
job_acyclic_101_05,True,True,True
dblp_acyclic_212_02,True,True,True
job_acyclic_101_07,True,True,True
epinions_acyclic_215_07,False,False,False
yago_acyclic_chain_9_39,False,False,False
watdiv_acyclic_202_04,True,True,True
yago_acyclic_chain_6_39,False,True,False
dblp_acyclic_212_11,True,True,True
yago_acyclic_chain_9_48,False,False,False
job_acyclic_102_15,True,True,True
job_acyclic_102_59,True,True,True
watdiv_acyclic_204_02,False,False,False
yago_acyclic_tree_6_06,False,False,True
job_acyclic_111_13,False,True,False
yago_acyclic_chain_6_29,True,True,True
yago_acyclic_chain_12_30,False,False,False
epinions_acyclic_211_08,False,False,False
job_acyclic_108_11,True,True,True
job_acyclic_111_15,False,True,False
job_acyclic_109_09,True,True,True
job_acyclic_102_56,True,True,True
watdiv_acyclic_203_01,True,True,True
job_acyclic_108_31,True,True,True
epinions_acyclic_216_09,False,False,False
watdiv_acyclic_208_13,True,True,True
job_acyclic_105_94,True,True,True
job_acyclic_103_35,True,True,True
yago_acyclic_star_6_05,True,True,True
watdiv_acyclic_207_06,True,True,True
watdiv_acyclic_201_15,True,True,True
watdiv_acyclic_213_18,False,False,True
dblp_acyclic_209_02,False,True,False
job_acyclic_109_22,True,True,True
job_acyclic_108_16,False,True,False
dblp_acyclic_208_18,False,True,False
epinions_acyclic_203_14,False,False,True
yago_acyclic_chain_12_38,False,True,False
yago_acyclic_star_6_00,True,True,True
dblp_acyclic_203_19,False,True,False
dblp_acyclic_214_04,False,True,False
job_acyclic_103_43,True,True,True
dblp_acyclic_208_06,False,True,False
job_acyclic_105_03,True,True,True
job_acyclic_104_01,True,True,True
watdiv_acyclic_206_10,True,True,True
dblp_acyclic_216_06,False,True,False
job_acyclic_107_18,False,True,False
watdiv_acyclic_216_16,False,True,False
job_acyclic_103_12,True,True,True
yago_acyclic_chain_12_64,False,True,False
dblp_acyclic_209_10,False,True,False
yago_acyclic_tree_6_69,False,True,False
watdiv_acyclic_205_04,False,True,False
job_acyclic_109_64,True,True,True
job_acyclic_102_10,True,True,True
epinions_acyclic_211_07,False,False,True
job_acyclic_103_97,True,True,True
watdiv_acyclic_209_00,False,True,False
watdiv_acyclic_205_13,False,True,False
job_acyclic_102_44,True,True,True
job_acyclic_109_52,True,True,True
job_acyclic_103_05,True,True,True
dblp_acyclic_216_11,False,True,False
job_acyclic_105_67,True,True,True
job_acyclic_103_47,True,True,True
job_acyclic_108_59,False,True,False
job_acyclic_101_14,False,True,False
dblp_acyclic_212_08,True,True,True
yago_acyclic_chain_9_68,False,False,False
job_acyclic_105_70,True,True,True
job_acyclic_102_21,True,True,True
yago_acyclic_chain_6_60,False,False,False
yago_acyclic_chain_9_60,False,False,False
yago_acyclic_chain_12_44,False,False,False
yago_acyclic_chain_9_21,False,False,False
epinions_acyclic_210_04,False,False,True
dblp_acyclic_218_19,False,True,False
job_acyclic_101_21,True,True,True
watdiv_acyclic_209_07,False,True,False
job_acyclic_108_92,True,True,True
watdiv_acyclic_213_12,False,True,False
dblp_acyclic_213_03,False,True,False
yago_acyclic_chain_12_57,False,True,False
yago_acyclic_chain_9_54,False,True,False
epinions_acyclic_208_05,False,False,True
job_acyclic_103_45,True,True,True
job_acyclic_109_28,True,True,True
epinions_acyclic_209_00,False,True,False
yago_acyclic_star_6_07,True,True,True
epinions_acyclic_208_09,False,True,False
job_acyclic_111_33,False,True,False
job_acyclic_105_49,True,True,True
yago_acyclic_chain_9_59,True,True,True
dblp_acyclic_203_12,False,True,False
watdiv_acyclic_212_19,True,True,True
job_acyclic_103_03,True,True,True
yago_acyclic_chain_12_74,False,True,False
job_acyclic_110_00,False,True,False
watdiv_acyclic_209_10,True,True,True
job_acyclic_103_30,True,True,True
job_acyclic_105_43,True,True,True
job_acyclic_103_23,True,True,True
dblp_acyclic_215_08,False,True,False
dblp_acyclic_208_03,False,False,False
watdiv_acyclic_204_05,False,True,False
job_acyclic_102_75,True,True,True
yago_acyclic_chain_9_56,False,True,False
epinions_acyclic_211_11,False,False,False
job_acyclic_103_68,True,True,True
dblp_acyclic_201_11,True,True,True
job_acyclic_108_18,True,True,True
job_acyclic_111_22,False,True,False
watdiv_acyclic_211_10,False,True,False
watdiv_acyclic_208_05,False,False,False
yago_acyclic_chain_6_12,False,False,False
watdiv_acyclic_213_04,False,False,True
watdiv_acyclic_211_12,False,False,False
job_acyclic_103_07,True,True,True
epinions_acyclic_218_12,False,False,False
dblp_acyclic_207_17,False,True,False
job_acyclic_111_00,False,True,False
yago_acyclic_tree_6_53,False,True,False
yago_acyclic_tree_6_57,False,False,False
epinions_acyclic_210_12,False,False,False
yago_acyclic_star_6_19,True,True,True
yago_acyclic_tree_6_33,False,True,False
job_acyclic_105_14,True,True,True
epinions_acyclic_209_13,False,False,False
epinions_acyclic_209_10,False,False,True
yago_acyclic_chain_12_22,False,True,False
job_acyclic_103_16,True,True,True
job_acyclic_103_56,True,True,True
dblp_acyclic_217_05,False,True,False
yago_acyclic_tree_6_28,False,True,False
yago_acyclic_chain_6_41,False,False,False
yago_acyclic_chain_12_19,False,False,False
job_acyclic_105_69,True,True,True
job_acyclic_105_76,True,True,True
watdiv_acyclic_203_02,False,True,False
job_acyclic_108_51,True,True,True
job_acyclic_108_19,True,True,True
job_acyclic_103_29,True,True,True
job_acyclic_108_35,True,True,True
epinions_acyclic_215_01,False,True,False
yago_acyclic_tree_6_11,False,True,False
hetio_acyclic_222_08,True,True,True
job_acyclic_103_82,True,True,True
epinions_acyclic_217_04,False,False,True
watdiv_acyclic_205_16,False,True,False
watdiv_acyclic_206_15,True,True,True
watdiv_acyclic_208_03,False,True,False
watdiv_acyclic_213_11,True,True,True
dblp_acyclic_203_11,False,True,False
job_acyclic_102_45,True,True,True
watdiv_acyclic_214_17,True,True,True
yago_acyclic_chain_6_57,False,False,False
yago_acyclic_chain_12_59,False,False,False
watdiv_acyclic_210_15,False,False,False
dblp_acyclic_209_16,False,True,False
epinions_acyclic_204_01,False,False,True
epinions_acyclic_215_00,False,False,False
yago_acyclic_tree_6_41,False,True,False
yago_acyclic_chain_6_43,False,False,True
yago_acyclic_chain_9_12,False,False,False
yago_acyclic_chain_9_44,False,False,True
yago_acyclic_chain_9_57,False,False,False
dblp_acyclic_204_17,False,True,False
watdiv_acyclic_212_11,True,True,True
job_acyclic_104_18,True,True,True
dblp_acyclic_204_15,False,True,False
yago_acyclic_star_6_46,True,True,True
epinions_acyclic_209_04,False,False,True
yago_acyclic_chain_6_36,False,False,True
dblp_acyclic_207_16,True,True,True
job_acyclic_102_22,True,True,True
watdiv_acyclic_216_09,False,False,True
job_acyclic_102_05,True,True,True
job_acyclic_108_67,True,True,True
epinions_acyclic_210_05,False,False,False
dblp_acyclic_202_02,False,True,False
job_acyclic_109_50,True,True,True
job_acyclic_108_02,True,True,True
dblp_acyclic_213_14,False,False,True
job_acyclic_102_55,True,True,True
dblp_acyclic_207_04,False,True,False
epinions_acyclic_203_06,False,False,True
dblp_acyclic_217_10,False,True,False
yago_acyclic_tree_6_22,False,True,False
dblp_acyclic_214_12,False,True,False
dblp_acyclic_206_14,True,True,True
yago_acyclic_chain_6_51,False,True,False
yago_acyclic_star_6_13,True,True,True
yago_acyclic_chain_12_48,False,True,False
watdiv_acyclic_202_12,True,True,True
yago_acyclic_tree_6_24,False,True,False
job_acyclic_103_92,True,True,True
yago_acyclic_chain_12_00,False,True,False
epinions_acyclic_218_17,False,False,False
yago_acyclic_chain_6_27,False,False,False
yago_acyclic_chain_6_26,False,True,False
watdiv_acyclic_203_18,False,True,False
watdiv_acyclic_204_18,True,True,True
dblp_acyclic_203_01,True,True,True
epinions_acyclic_205_00,False,False,False
job_acyclic_103_96,True,True,True
job_acyclic_109_53,True,True,True
job_acyclic_103_14,True,True,True
job_acyclic_108_50,True,True,True
epinions_acyclic_204_15,False,False,True
job_acyclic_102_19,True,True,True
job_acyclic_108_85,True,True,True
dblp_acyclic_213_02,False,True,False
job_acyclic_101_09,True,True,True
dblp_acyclic_206_01,True,True,True
dblp_acyclic_201_07,True,True,True
dblp_acyclic_207_12,False,False,True
job_acyclic_103_70,True,True,True
dblp_acyclic_202_01,False,True,False
watdiv_acyclic_209_09,False,True,False
watdiv_acyclic_211_16,False,False,True
epinions_acyclic_203_02,False,True,False
yago_acyclic_star_6_59,True,True,True
dblp_acyclic_205_01,False,True,False
yago_acyclic_tree_6_49,True,True,True
yago_acyclic_tree_6_44,True,True,True
yago_acyclic_chain_12_61,False,True,False
yago_acyclic_chain_12_09,False,True,False
epinions_acyclic_211_03,False,False,False
dblp_acyclic_212_18,True,True,True
job_acyclic_106_00,True,True,True
job_acyclic_102_00,True,True,True
job_acyclic_105_58,True,True,True
yago_acyclic_chain_6_52,False,True,False
watdiv_acyclic_201_16,True,True,True
yago_acyclic_chain_9_02,False,False,False
yago_acyclic_star_6_20,True,True,True
dblp_acyclic_210_05,False,True,False
job_acyclic_101_03,True,True,True
epinions_acyclic_210_02,False,False,False
job_acyclic_102_95,True,True,True
yago_acyclic_chain_6_07,False,False,False
job_acyclic_102_91,True,True,True
job_acyclic_102_17,True,True,True
yago_acyclic_chain_9_43,False,False,False
epinions_acyclic_209_15,False,False,True
dblp_acyclic_215_05,False,True,False
watdiv_acyclic_202_14,True,True,True
yago_acyclic_chain_9_17,False,True,False
job_acyclic_105_79,True,True,True
yago_acyclic_chain_9_49,False,True,False
job_acyclic_103_64,True,True,True
yago_acyclic_chain_6_47,False,False,False
job_acyclic_102_25,True,True,True
dblp_acyclic_208_11,False,False,True
dblp_acyclic_207_18,False,True,False
job_acyclic_108_34,True,True,True
yago_acyclic_star_6_10,True,True,True
yago_acyclic_tree_6_03,False,True,False
job_acyclic_108_07,True,True,True
yago_acyclic_chain_9_28,False,False,False
job_acyclic_102_20,True,True,True
yago_acyclic_chain_12_54,False,True,False
watdiv_acyclic_218_06,False,False,True
yago_acyclic_tree_6_56,True,True,True
job_acyclic_108_64,False,True,False
yago_acyclic_tree_6_48,False,True,False
yago_acyclic_chain_9_25,False,False,True
job_acyclic_108_06,True,True,True
epinions_acyclic_203_12,False,True,False
yago_acyclic_chain_12_16,False,False,False
watdiv_acyclic_203_09,False,True,False
watdiv_acyclic_209_06,False,True,False
job_acyclic_108_71,False,True,False
job_acyclic_102_66,True,True,True
epinions_acyclic_209_11,False,False,False
yago_acyclic_chain_12_45,False,False,False
yago_acyclic_star_6_26,True,True,True
yago_acyclic_star_6_14,True,True,True
yago_acyclic_chain_12_46,False,True,False
yago_acyclic_chain_12_63,False,False,False
epinions_acyclic_210_15,False,False,True
watdiv_acyclic_214_01,False,True,False
dblp_acyclic_202_13,False,True,False
job_acyclic_102_01,True,True,True
yago_acyclic_star_6_35,True,True,True
yago_acyclic_tree_6_63,False,False,False
job_acyclic_108_75,True,True,True
dblp_acyclic_206_03,True,True,True
job_acyclic_102_41,True,True,True
yago_acyclic_tree_6_27,True,True,True
job_acyclic_106_03,True,True,True
watdiv_acyclic_213_17,True,True,True
dblp_acyclic_202_14,True,True,True
epinions_acyclic_203_15,False,False,True
epinions_acyclic_205_08,False,False,False
epinions_acyclic_217_10,False,False,False
epinions_acyclic_208_02,False,False,True
job_acyclic_106_05,True,True,True
yago_acyclic_tree_6_01,False,True,False
job_acyclic_102_71,True,True,True
epinions_acyclic_209_18,False,False,False
watdiv_acyclic_212_10,True,True,True
watdiv_acyclic_214_08,True,True,True
job_acyclic_108_80,True,True,True
yago_acyclic_chain_12_33,False,False,False
yago_acyclic_star_6_04,True,True,True
dblp_acyclic_209_19,False,True,False
dblp_acyclic_208_10,False,True,False
yago_acyclic_star_6_50,True,True,True
job_acyclic_102_40,True,True,True
epinions_acyclic_215_11,False,True,False
job_acyclic_108_73,True,True,True
job_acyclic_102_03,True,True,True
dblp_acyclic_206_11,True,True,True
dblp_acyclic_215_18,False,True,False
yago_acyclic_tree_6_25,False,False,False
yago_acyclic_chain_9_53,False,True,False
dblp_acyclic_209_03,False,True,False
dblp_acyclic_208_05,False,True,False
job_acyclic_108_21,True,True,True
job_acyclic_102_50,True,True,True
yago_acyclic_chain_12_31,False,False,False
dblp_acyclic_209_01,False,False,False
dblp_acyclic_208_04,False,True,False
job_acyclic_108_08,True,True,True
yago_acyclic_chain_9_34,False,False,False
yago_acyclic_chain_9_30,False,True,False
epinions_acyclic_209_06,False,False,False
job_acyclic_108_37,False,True,False
watdiv_acyclic_203_17,True,True,True
job_acyclic_109_87,True,True,True
job_acyclic_108_52,False,True,False
dblp_acyclic_203_18,True,True,True
job_acyclic_102_28,True,True,True
dblp_acyclic_201_02,True,True,True
job_acyclic_108_22,False,True,False
yago_acyclic_chain_6_10,False,False,False
watdiv_acyclic_201_04,True,True,True
job_acyclic_105_75,True,True,True
yago_acyclic_chain_9_52,False,True,False
yago_acyclic_star_6_60,True,True,True
watdiv_acyclic_207_07,True,True,True
epinions_acyclic_203_03,False,False,True
dblp_acyclic_213_15,False,True,False
epinions_acyclic_210_08,False,False,True
watdiv_acyclic_215_01,False,True,False
dblp_acyclic_204_00,False,False,False
yago_acyclic_chain_9_72,False,False,True
dblp_acyclic_202_11,False,True,False
watdiv_acyclic_203_11,True,True,True
yago_acyclic_star_6_73,True,True,True
yago_acyclic_chain_9_22,False,False,False
job_acyclic_105_42,True,True,True
job_acyclic_109_72,True,True,True
dblp_acyclic_208_16,False,False,False
watdiv_acyclic_214_15,True,True,True
yago_acyclic_chain_9_26,False,False,True
job_acyclic_111_24,False,True,False
dblp_acyclic_217_02,False,True,False
epinions_acyclic_215_08,False,False,False
job_acyclic_105_78,True,True,True
yago_acyclic_chain_12_39,False,True,False
yago_acyclic_tree_6_35,False,False,False
dblp_acyclic_213_04,False,True,False
watdiv_acyclic_203_13,False,True,False
dblp_acyclic_204_02,False,True,False
job_acyclic_103_50,True,True,True
job_acyclic_108_30,True,True,True
epinions_acyclic_211_01,False,False,True
dblp_acyclic_202_08,False,True,False
job_acyclic_103_79,True,True,True
job_acyclic_102_77,True,True,True
yago_acyclic_chain_6_46,False,False,False
watdiv_acyclic_216_18,False,True,False
yago_acyclic_star_6_33,True,True,True
yago_acyclic_chain_12_60,False,True,False
yago_acyclic_star_6_40,True,True,True
dblp_acyclic_218_05,False,False,False
yago_acyclic_chain_9_24,False,False,False
epinions_acyclic_204_08,False,False,True
watdiv_acyclic_211_01,False,False,False
job_acyclic_103_63,True,True,True
yago_acyclic_chain_12_37,False,False,False
job_acyclic_105_29,True,True,True
dblp_acyclic_215_17,False,True,False
dblp_acyclic_202_04,False,True,False
job_acyclic_108_62,False,True,False
watdiv_acyclic_202_00,False,True,False
epinions_acyclic_205_07,False,False,False
yago_acyclic_chain_6_56,True,True,True
dblp_acyclic_215_01,False,True,False
watdiv_acyclic_213_10,True,True,True
dblp_acyclic_202_03,False,False,True
job_acyclic_104_20,True,True,True
job_acyclic_108_78,True,True,True
dblp_acyclic_208_15,False,True,False
yago_acyclic_tree_6_54,False,True,False
watdiv_acyclic_218_07,False,False,False
yago_acyclic_tree_6_16,False,True,False
job_acyclic_103_86,True,True,True
yago_acyclic_chain_12_20,False,True,False
yago_acyclic_chain_9_29,False,False,False
watdiv_acyclic_203_10,False,True,False
yago_acyclic_star_6_18,True,True,True
yago_acyclic_chain_9_10,False,True,False
epinions_acyclic_218_16,False,False,True
epinions_acyclic_217_16,False,False,False
yago_acyclic_tree_6_21,False,True,False
yago_acyclic_chain_6_09,True,True,True
yago_acyclic_chain_6_16,False,True,False
dblp_acyclic_215_14,False,True,False
yago_acyclic_chain_9_50,False,True,False
job_acyclic_108_27,False,True,False
job_acyclic_107_15,False,True,False
dblp_acyclic_206_17,True,True,True
yago_acyclic_chain_6_32,False,False,True
watdiv_acyclic_203_07,False,True,False
job_acyclic_109_88,True,True,True
yago_acyclic_chain_12_25,False,False,False
job_acyclic_105_32,True,True,True
watdiv_acyclic_215_10,False,True,False
dblp_acyclic_216_10,False,True,False
watdiv_acyclic_201_05,True,True,True
job_acyclic_103_76,True,True,True
epinions_acyclic_218_18,False,False,False
yago_acyclic_tree_6_04,True,True,True
job_acyclic_101_04,True,True,True
epinions_acyclic_204_00,False,True,False
watdiv_acyclic_208_07,False,True,False
watdiv_acyclic_215_05,False,True,False
dblp_acyclic_207_06,False,False,True
watdiv_acyclic_218_05,False,False,False
dblp_acyclic_203_14,False,False,True
yago_acyclic_chain_6_71,False,False,True
job_acyclic_102_86,True,True,True
yago_acyclic_chain_6_35,False,False,True
yago_acyclic_chain_12_71,False,False,False
watdiv_acyclic_213_02,False,False,True
yago_acyclic_chain_12_40,False,False,False
job_acyclic_109_63,True,True,True
epinions_acyclic_210_07,False,False,False
yago_acyclic_chain_12_28,False,False,False
dblp_acyclic_217_01,False,True,False
yago_acyclic_chain_12_01,False,False,False
job_acyclic_105_65,True,True,True
dblp_acyclic_203_04,False,False,True
job_acyclic_103_25,True,True,True
watdiv_acyclic_215_09,False,True,False
yago_acyclic_chain_6_00,True,True,True
dblp_acyclic_212_10,True,True,True
job_acyclic_108_69,True,True,True
yago_acyclic_star_6_67,True,True,True
watdiv_acyclic_211_09,False,True,False
job_acyclic_105_05,True,True,True
job_acyclic_103_28,True,True,True
watdiv_acyclic_203_15,True,True,True
job_acyclic_102_32,True,True,True
yago_acyclic_tree_6_67,False,True,False
epinions_acyclic_205_16,False,False,False
epinions_acyclic_204_14,False,False,True
yago_acyclic_chain_9_51,False,False,False
yago_acyclic_chain_6_72,False,False,False
dblp_acyclic_205_10,False,False,False
job_acyclic_102_37,True,True,True
job_acyclic_102_63,True,True,True
job_acyclic_105_73,True,True,True
dblp_acyclic_203_09,False,True,False
watdiv_acyclic_204_04,True,True,True
watdiv_acyclic_214_19,True,True,True
watdiv_acyclic_201_01,True,True,True
job_acyclic_103_18,True,True,True
dblp_acyclic_204_08,False,False,False
yago_acyclic_chain_6_54,False,True,False
yago_acyclic_chain_6_66,False,True,False
epinions_acyclic_203_08,False,False,False
dblp_acyclic_210_19,False,True,False
job_acyclic_105_04,True,True,True
yago_acyclic_tree_6_70,False,True,False
job_acyclic_105_55,True,True,True
job_acyclic_103_77,True,True,True
watdiv_acyclic_209_02,True,True,True
epinions_acyclic_209_03,False,False,True
dblp_acyclic_211_18,False,True,False
yago_acyclic_star_6_37,True,True,True
job_acyclic_109_89,True,True,True
job_acyclic_105_15,True,True,True
dblp_acyclic_206_08,True,True,True
job_acyclic_102_68,True,True,True
epinions_acyclic_218_02,False,False,False
yago_acyclic_chain_9_27,True,True,True
watdiv_acyclic_212_06,True,True,True
yago_acyclic_chain_12_52,False,False,False
watdiv_acyclic_208_18,True,True,True
dblp_acyclic_201_19,True,True,True
job_acyclic_102_11,True,True,True
yago_acyclic_tree_6_50,True,True,True
dblp_acyclic_203_06,False,False,False
yago_acyclic_chain_6_18,True,True,True
watdiv_acyclic_210_01,False,False,False
job_acyclic_108_42,True,True,True
epinions_acyclic_205_15,False,False,True
epinions_acyclic_204_17,False,False,True
dblp_acyclic_207_10,True,True,True
yago_acyclic_tree_6_13,False,True,False
dblp_acyclic_208_08,False,True,False
yago_acyclic_chain_12_73,False,True,False
job_acyclic_102_83,True,True,True
dblp_acyclic_207_08,False,True,False
dblp_acyclic_217_15,False,True,False
job_acyclic_105_44,True,True,True
yago_acyclic_chain_12_69,False,False,False
job_acyclic_102_43,True,True,True
job_acyclic_109_15,True,True,True
yago_acyclic_star_6_28,True,True,True
yago_acyclic_chain_6_61,False,False,True
job_acyclic_105_16,True,True,True
yago_acyclic_chain_6_50,False,True,False
epinions_acyclic_217_18,False,False,False
job_acyclic_108_63,False,True,False
yago_acyclic_chain_12_17,False,False,False
yago_acyclic_star_6_75,True,True,True
watdiv_acyclic_215_11,False,True,False
epinions_acyclic_204_12,False,True,False
dblp_acyclic_201_18,True,True,True
dblp_acyclic_201_09,True,True,True
watdiv_acyclic_205_07,False,False,True
watdiv_acyclic_203_19,False,False,False
epinions_acyclic_210_18,False,False,False
dblp_acyclic_202_16,True,True,True
job_acyclic_108_65,True,True,True
job_acyclic_103_74,True,True,True
yago_acyclic_tree_6_77,False,True,False
watdiv_acyclic_212_13,True,True,True
job_acyclic_103_17,True,True,True
watdiv_acyclic_207_12,False,False,True
job_acyclic_102_48,True,True,True
yago_acyclic_chain_6_45,False,False,True
job_acyclic_102_94,True,True,True
yago_acyclic_tree_6_36,False,True,False
yago_acyclic_star_6_39,True,True,True
watdiv_acyclic_217_12,False,True,False
job_acyclic_103_61,True,True,True
dblp_acyclic_211_17,False,True,False
dblp_acyclic_205_12,False,False,False
job_acyclic_104_06,True,True,True
epinions_acyclic_211_10,False,False,False
job_acyclic_108_33,True,True,True
watdiv_acyclic_203_03,False,True,False
dblp_acyclic_202_17,False,True,False
job_acyclic_108_15,True,True,True
watdiv_acyclic_208_04,True,True,True
dblp_acyclic_205_16,False,False,True
job_acyclic_110_01,False,True,False
dblp_acyclic_214_07,False,True,False
yago_acyclic_tree_6_17,False,False,True
watdiv_acyclic_207_09,False,True,False
watdiv_acyclic_202_11,True,True,True
dblp_acyclic_216_05,False,True,False
dblp_acyclic_214_00,False,True,False
dblp_acyclic_209_00,False,True,False
watdiv_acyclic_201_09,True,True,True
dblp_acyclic_214_18,False,True,False
watdiv_acyclic_207_17,True,True,True
dblp_acyclic_202_10,False,True,False
watdiv_acyclic_202_19,False,False,True
job_acyclic_105_19,True,True,True
yago_acyclic_chain_12_62,False,True,False
yago_acyclic_star_6_70,True,True,True
dblp_acyclic_205_15,False,True,False
job_acyclic_109_25,True,True,True
dblp_acyclic_206_12,True,True,True
job_acyclic_102_65,True,True,True
job_acyclic_103_67,True,True,True
dblp_acyclic_204_13,False,True,False
watdiv_acyclic_205_05,False,False,False
dblp_acyclic_207_07,True,True,True
yago_acyclic_chain_9_55,False,False,True
epinions_acyclic_204_10,False,True,False
watdiv_acyclic_204_03,False,False,False
dblp_acyclic_215_06,False,True,False
watdiv_acyclic_209_12,False,True,False
dblp_acyclic_213_00,False,True,False
job_acyclic_104_08,True,True,True
job_acyclic_105_90,True,True,True
watdiv_acyclic_215_15,False,False,True
job_acyclic_101_13,False,True,False
watdiv_acyclic_205_12,False,True,False
epinions_acyclic_203_09,False,False,True
epinions_acyclic_217_11,False,False,False
watdiv_acyclic_205_03,True,True,True
yago_acyclic_star_6_22,True,True,True
dblp_acyclic_214_16,False,False,False
dblp_acyclic_209_17,False,True,False
yago_acyclic_chain_12_06,False,False,False
dblp_acyclic_208_07,False,True,False
job_acyclic_102_42,True,True,True
yago_acyclic_chain_9_69,False,False,False
job_acyclic_109_11,True,True,True
job_acyclic_103_46,True,True,True
epinions_acyclic_217_09,False,False,False
dblp_acyclic_205_04,False,True,False
dblp_acyclic_208_02,False,False,False
yago_acyclic_chain_9_66,False,True,False
dblp_acyclic_208_09,False,True,False
yago_acyclic_chain_9_73,False,False,False
job_acyclic_103_71,True,True,True
dblp_acyclic_213_05,False,True,False
epinions_acyclic_210_16,False,False,True
job_acyclic_108_74,True,True,True
job_acyclic_108_38,True,True,True
dblp_acyclic_209_07,False,True,False
watdiv_acyclic_215_16,False,False,True
job_acyclic_105_97,True,True,True
yago_acyclic_tree_6_10,False,True,False
epinions_acyclic_205_13,False,False,False
yago_acyclic_tree_6_30,False,True,False
job_acyclic_103_60,True,True,True
job_acyclic_108_77,True,True,True
epinions_acyclic_210_06,False,False,False
watdiv_acyclic_201_06,True,True,True
epinions_acyclic_205_02,False,False,False
watdiv_acyclic_207_19,False,False,True
job_acyclic_105_47,True,True,True
yago_acyclic_tree_6_73,False,False,False
job_acyclic_103_69,True,True,True
watdiv_acyclic_217_16,False,True,False
watdiv_acyclic_206_00,True,True,True
dblp_acyclic_215_12,False,True,False
epinions_acyclic_204_11,False,False,False
yago_acyclic_chain_6_13,False,False,True
yago_acyclic_tree_6_02,False,True,False
yago_acyclic_chain_9_32,False,False,False
yago_acyclic_tree_6_75,True,True,True
job_acyclic_102_69,True,True,True
yago_acyclic_chain_9_00,False,True,False
watdiv_acyclic_214_10,False,True,False
job_acyclic_102_74,True,True,True
watdiv_acyclic_206_05,True,True,True
dblp_acyclic_217_08,False,True,False
job_acyclic_108_68,True,True,True
job_acyclic_102_61,True,True,True
job_acyclic_105_25,True,True,True
watdiv_acyclic_217_19,False,True,False
job_acyclic_111_26,False,True,False
epinions_acyclic_205_17,False,False,False
epinions_acyclic_218_01,False,False,False
yago_acyclic_chain_12_72,False,True,False
yago_acyclic_star_6_44,True,True,True
job_acyclic_105_09,True,True,True
job_acyclic_103_88,True,True,True
yago_acyclic_chain_6_28,False,False,True
epinions_acyclic_204_04,False,False,True
epinions_acyclic_208_18,False,False,True
job_acyclic_109_61,True,True,True
dblp_acyclic_214_08,False,True,False
yago_acyclic_star_6_48,True,True,True
yago_acyclic_chain_6_65,True,True,True
yago_acyclic_chain_6_58,False,False,False
job_acyclic_108_89,True,True,True
watdiv_acyclic_207_18,False,False,True
job_acyclic_104_21,True,True,True
job_acyclic_108_56,False,True,False
dblp_acyclic_206_15,True,True,True
dblp_acyclic_202_18,False,True,False
epinions_acyclic_204_19,False,False,False
dblp_acyclic_205_09,False,False,True
watdiv_acyclic_206_03,True,True,True
yago_acyclic_chain_6_04,False,True,False
epinions_acyclic_202_05,False,False,False
yago_acyclic_tree_6_43,False,True,False
job_acyclic_102_26,True,True,True
yago_acyclic_chain_9_35,False,False,True
yago_acyclic_chain_9_23,False,False,False
dblp_acyclic_214_14,False,True,False
watdiv_acyclic_206_14,True,True,True
job_acyclic_102_34,True,True,True
watdiv_acyclic_218_09,False,False,False
epinions_acyclic_218_13,False,False,False
job_acyclic_103_89,True,True,True
yago_acyclic_chain_6_08,True,True,True
yago_acyclic_star_6_68,True,True,True
watdiv_acyclic_201_00,True,True,True
dblp_acyclic_207_05,False,True,False
job_acyclic_102_16,True,True,True
epinions_acyclic_211_17,False,False,False
yago_acyclic_star_6_43,True,True,True
dblp_acyclic_201_03,True,True,True
watdiv_acyclic_214_16,False,True,False
yago_acyclic_chain_9_16,False,False,False
epinions_acyclic_209_07,False,False,True
yago_acyclic_chain_6_14,False,True,False
watdiv_acyclic_206_12,True,True,True
yago_acyclic_chain_12_42,False,False,False
job_acyclic_103_57,True,True,True
dblp_acyclic_207_00,True,True,True
job_acyclic_103_21,True,True,True
job_acyclic_108_43,False,True,False
epinions_acyclic_203_05,False,False,True
watdiv_acyclic_213_01,False,False,True
job_acyclic_108_03,True,True,True
dblp_acyclic_213_06,False,True,False
dblp_acyclic_206_06,True,True,True
job_acyclic_105_74,True,True,True
dblp_acyclic_205_13,False,True,False
watdiv_acyclic_207_03,True,True,True
watdiv_acyclic_205_18,False,False,True
watdiv_acyclic_206_16,True,True,True
dblp_acyclic_201_10,True,True,True
hetio_acyclic_205_14,False,False,False
job_acyclic_105_41,True,True,True
job_acyclic_111_40,False,True,False
yago_acyclic_chain_9_05,False,True,False
yago_acyclic_tree_6_23,False,True,False
dblp_acyclic_210_02,True,True,True
watdiv_acyclic_204_16,False,True,False
job_acyclic_106_01,True,True,True
job_acyclic_102_35,True,True,True
watdiv_acyclic_205_11,False,True,False
dblp_acyclic_202_19,False,False,True
job_acyclic_104_15,True,True,True
watdiv_acyclic_214_18,True,True,True
watdiv_acyclic_201_19,True,True,True
job_acyclic_105_07,True,True,True
watdiv_acyclic_206_17,True,True,True
yago_acyclic_tree_6_34,False,True,False
watdiv_acyclic_202_02,False,True,False
watdiv_acyclic_215_17,False,True,False
dblp_acyclic_217_09,False,True,False
yago_acyclic_star_6_12,True,True,True
dblp_acyclic_205_06,False,True,False
job_acyclic_102_84,True,True,True
yago_acyclic_tree_6_32,True,True,True
job_acyclic_101_16,False,True,False
job_acyclic_101_11,True,True,True
epinions_acyclic_216_15,False,False,False
job_acyclic_102_73,True,True,True
yago_acyclic_tree_6_60,False,True,False
yago_acyclic_tree_6_45,True,True,True
job_acyclic_109_56,True,True,True
dblp_acyclic_206_00,True,True,True
dblp_acyclic_213_16,True,True,True
yago_acyclic_chain_12_49,False,True,False
yago_acyclic_chain_9_04,False,True,False
job_acyclic_109_67,True,True,True
job_acyclic_103_00,True,True,True
watdiv_acyclic_204_17,False,True,False
epinions_acyclic_215_06,False,False,True
yago_acyclic_star_6_27,True,True,True
job_acyclic_108_05,False,True,False
job_acyclic_101_10,True,True,True
watdiv_acyclic_213_15,False,False,True
watdiv_acyclic_212_01,True,True,True
watdiv_acyclic_205_17,False,False,True
dblp_acyclic_210_17,False,True,False
epinions_acyclic_208_06,False,False,True
watdiv_acyclic_208_15,False,True,False
watdiv_acyclic_207_01,False,True,False
dblp_acyclic_213_01,False,True,False
job_acyclic_102_46,True,True,True
yago_acyclic_tree_6_55,False,True,False
yago_acyclic_tree_6_07,False,True,False
job_acyclic_105_64,True,True,True
epinions_acyclic_211_04,False,False,False
epinions_acyclic_215_14,False,False,False
watdiv_acyclic_209_05,False,False,False
job_acyclic_108_29,True,True,True
yago_acyclic_star_6_15,True,True,True
epinions_acyclic_209_01,False,False,False
job_acyclic_103_13,True,True,True
dblp_acyclic_206_09,True,True,True
watdiv_acyclic_212_14,True,True,True
yago_acyclic_star_6_45,True,True,True
watdiv_acyclic_217_04,False,True,False
dblp_acyclic_215_10,False,True,False
job_acyclic_101_00,True,True,True
job_acyclic_103_53,True,True,True
watdiv_acyclic_212_16,True,True,True
watdiv_acyclic_202_17,True,True,True
job_acyclic_103_80,True,True,True
yago_acyclic_chain_6_63,False,False,True
dblp_acyclic_206_04,True,True,True
watdiv_acyclic_202_13,False,False,True
yago_acyclic_star_6_25,True,True,True
dblp_acyclic_204_19,False,True,False
watdiv_acyclic_206_19,True,True,True
watdiv_acyclic_214_14,False,True,False
watdiv_acyclic_211_17,False,True,False
watdiv_acyclic_201_12,True,True,True
watdiv_acyclic_201_17,True,True,True
dblp_acyclic_207_02,True,True,True
job_acyclic_101_18,False,True,False
job_acyclic_102_07,True,True,True
watdiv_acyclic_215_02,False,True,False
job_acyclic_103_85,True,True,True
watdiv_acyclic_206_13,True,True,True
yago_acyclic_chain_9_09,False,True,False
dblp_acyclic_210_00,False,False,False
epinions_acyclic_208_04,False,False,False
job_acyclic_107_16,False,True,False
dblp_acyclic_203_13,False,True,False
dblp_acyclic_210_10,False,True,False
dblp_acyclic_210_16,False,False,False
yago_acyclic_tree_6_76,False,True,False
dblp_acyclic_204_01,False,True,False
job_acyclic_108_86,True,True,True
watdiv_acyclic_214_05,False,True,False
job_acyclic_103_40,True,True,True
dblp_acyclic_211_03,False,True,False
yago_acyclic_chain_9_42,False,False,False
yago_acyclic_tree_6_61,False,True,False
job_acyclic_103_98,True,True,True
watdiv_acyclic_215_04,True,True,True
yago_acyclic_tree_6_46,False,True,False
hetio_acyclic_226_11,False,False,True
watdiv_acyclic_207_02,False,True,False
watdiv_acyclic_203_14,True,True,True
job_acyclic_108_54,False,True,False
job_acyclic_109_40,True,True,True
job_acyclic_108_36,True,True,True
job_acyclic_108_28,True,True,True
yago_acyclic_chain_6_17,False,False,True
job_acyclic_103_95,True,True,True
job_acyclic_108_70,False,True,False
yago_acyclic_star_6_55,True,True,True
job_acyclic_105_59,True,True,True
dblp_acyclic_215_19,False,True,False
watdiv_acyclic_210_07,False,True,False
dblp_acyclic_208_19,False,True,False
dblp_acyclic_201_08,True,True,True
watdiv_acyclic_209_03,True,True,True
job_acyclic_102_52,True,True,True
watdiv_acyclic_206_11,True,True,True
yago_acyclic_chain_6_01,False,False,False
epinions_acyclic_211_14,False,False,False
dblp_acyclic_205_08,False,False,False
dblp_acyclic_205_00,True,True,True
epinions_acyclic_203_04,False,True,False
watdiv_acyclic_212_15,True,True,True
dblp_acyclic_201_12,True,True,True
yago_acyclic_chain_6_25,False,True,False
epinions_acyclic_218_08,False,False,False
job_acyclic_101_17,False,True,False
dblp_acyclic_204_03,False,True,False
job_acyclic_108_39,True,True,True
job_acyclic_101_01,True,True,True
dblp_acyclic_210_15,False,True,False
job_acyclic_108_32,True,True,True
yago_acyclic_star_6_47,True,True,True
epinions_acyclic_209_09,False,False,True
yago_acyclic_chain_12_58,False,True,False
dblp_acyclic_217_11,False,False,False
yago_acyclic_star_6_61,True,True,True
watdiv_acyclic_209_13,False,True,False
epinions_acyclic_210_03,False,False,False
dblp_acyclic_204_14,False,True,False
yago_acyclic_chain_9_14,False,False,True
watdiv_acyclic_214_13,False,True,False
yago_acyclic_chain_6_44,False,False,False
yago_acyclic_tree_6_39,False,True,False
yago_acyclic_star_6_01,True,True,True
job_acyclic_105_56,True,True,True
dblp_acyclic_203_17,False,True,False
dblp_acyclic_209_18,True,True,True
yago_acyclic_star_6_65,True,True,True
dblp_acyclic_211_02,False,True,False
yago_acyclic_chain_6_69,False,True,False
yago_acyclic_chain_6_48,False,True,False
job_acyclic_105_17,True,True,True
job_acyclic_108_91,True,True,True
job_acyclic_104_03,True,True,True
epinions_acyclic_211_06,False,False,True
job_acyclic_109_81,True,True,True
job_acyclic_105_96,True,True,True
watdiv_acyclic_215_08,False,True,False
job_acyclic_103_42,True,True,True
dblp_acyclic_207_14,False,True,False
watdiv_acyclic_205_08,False,True,False
job_acyclic_103_10,True,True,True
yago_acyclic_star_6_76,True,True,True
job_acyclic_106_02,True,True,True
dblp_acyclic_201_15,True,True,True
epinions_acyclic_204_13,False,False,True
job_acyclic_102_24,True,True,True
job_acyclic_101_19,False,True,False
job_acyclic_105_10,True,True,True
job_acyclic_109_95,True,True,True
yago_acyclic_star_6_66,True,True,True
watdiv_acyclic_213_14,False,True,False
watdiv_acyclic_214_09,False,True,False
yago_acyclic_chain_9_06,False,True,False
job_acyclic_103_15,True,True,True
job_acyclic_102_39,True,True,True
job_acyclic_109_73,True,True,True
job_acyclic_103_37,True,True,True
epinions_acyclic_210_11,False,False,True
job_acyclic_108_23,False,True,False
job_acyclic_105_26,True,True,True
job_acyclic_109_75,True,True,True
job_acyclic_111_28,False,True,False
dblp_acyclic_214_10,False,True,False
job_acyclic_109_57,True,True,True
epinions_acyclic_203_19,False,False,True
yago_acyclic_chain_12_18,False,False,False
yago_acyclic_chain_9_07,True,True,True
yago_acyclic_tree_6_05,False,True,False
job_acyclic_108_79,True,True,True
dblp_acyclic_201_05,True,True,True
watdiv_acyclic_206_01,True,True,True
yago_acyclic_tree_6_58,True,True,True
yago_acyclic_tree_6_31,False,True,False
yago_acyclic_tree_6_19,True,True,True
epinions_acyclic_204_07,False,False,True
watdiv_acyclic_211_19,False,False,True
watdiv_acyclic_212_18,True,True,True
job_acyclic_111_41,False,True,False
watdiv_acyclic_209_08,False,True,False
job_acyclic_109_46,True,True,True
yago_acyclic_chain_6_73,True,True,True
job_acyclic_108_76,True,True,True
job_acyclic_109_66,True,True,True
watdiv_acyclic_214_04,False,True,False
dblp_acyclic_209_14,False,True,False
watdiv_acyclic_215_06,True,True,True
epinions_acyclic_208_03,False,True,False
job_acyclic_102_33,True,True,True
watdiv_acyclic_204_19,False,True,False
dblp_acyclic_204_12,False,False,True
dblp_acyclic_213_11,False,True,False
job_acyclic_101_02,True,True,True
epinions_acyclic_217_13,False,False,False
job_acyclic_108_17,False,True,False
job_acyclic_102_79,True,True,True
job_acyclic_102_78,True,True,True
dblp_acyclic_205_05,False,True,False
job_acyclic_104_12,True,True,True
epinions_acyclic_208_10,False,True,False
dblp_acyclic_208_17,True,True,True
job_acyclic_104_07,True,True,True
dblp_acyclic_201_14,True,True,True
epinions_acyclic_203_00,False,True,False
epinions_acyclic_203_07,False,False,True
dblp_acyclic_205_17,False,True,False
job_acyclic_103_36,True,True,True
yago_acyclic_chain_12_05,False,False,False
job_acyclic_103_22,True,True,True
dblp_acyclic_209_12,False,False,False
yago_acyclic_chain_6_49,True,True,True
yago_acyclic_chain_6_64,False,False,True
epinions_acyclic_215_03,False,False,False
yago_acyclic_star_6_77,True,True,True
hetio_acyclic_221_03,False,False,True
job_acyclic_105_61,True,True,True
watdiv_acyclic_216_14,False,True,False
epinions_acyclic_205_14,False,False,False
epinions_acyclic_217_17,False,False,False
watdiv_acyclic_202_06,True,True,True
job_acyclic_105_54,True,True,True
yago_acyclic_chain_12_41,True,True,True
dblp_acyclic_203_05,False,True,False
job_acyclic_105_50,True,True,True
job_acyclic_102_70,True,True,True
job_acyclic_102_08,True,True,True
epinions_acyclic_205_01,False,False,False
job_acyclic_105_21,True,True,True
dblp_acyclic_215_00,False,True,False
yago_acyclic_star_6_23,True,True,True
watdiv_acyclic_206_06,True,True,True
yago_acyclic_chain_9_11,False,True,False
job_acyclic_102_47,True,True,True
dblp_acyclic_215_04,False,True,False
dblp_acyclic_206_18,True,True,True
epinions_acyclic_204_09,False,False,True
yago_acyclic_chain_12_50,False,True,False
watdiv_acyclic_209_15,False,True,False
yago_acyclic_chain_12_04,False,False,False
yago_acyclic_star_6_09,True,True,True
dblp_acyclic_214_13,False,True,False
epinions_acyclic_218_03,False,False,True
watdiv_acyclic_212_02,True,True,True
watdiv_acyclic_216_08,False,True,False
dblp_acyclic_202_00,False,True,False
yago_acyclic_chain_12_34,False,True,False
job_acyclic_103_44,True,True,True
epinions_acyclic_217_01,False,False,True
yago_acyclic_chain_6_05,False,True,False
job_acyclic_103_90,True,True,True
yago_acyclic_chain_6_30,False,True,False
job_acyclic_108_60,True,True,True
yago_acyclic_star_6_53,True,True,True
job_acyclic_103_75,True,True,True
job_acyclic_102_76,True,True,True
dblp_acyclic_201_00,True,True,True
dblp_acyclic_203_03,False,True,False
job_acyclic_108_24,False,True,False
epinions_acyclic_205_03,False,False,False
job_acyclic_104_19,True,True,True
epinions_acyclic_210_14,False,False,False
dblp_acyclic_212_04,True,True,True
watdiv_acyclic_218_14,False,True,False
watdiv_acyclic_215_18,True,True,True
dblp_acyclic_210_07,False,True,False
yago_acyclic_chain_12_70,False,False,False
yago_acyclic_chain_6_22,True,True,True
yago_acyclic_star_6_03,True,True,True
watdiv_acyclic_208_08,True,True,True
dblp_acyclic_207_19,False,True,False
watdiv_acyclic_209_14,False,True,False
yago_acyclic_chain_12_43,False,True,False
yago_acyclic_chain_12_21,False,False,False
yago_acyclic_tree_6_08,True,True,True
watdiv_acyclic_203_08,False,False,True
yago_acyclic_chain_12_08,False,False,False
watdiv_acyclic_218_16,False,True,False
job_acyclic_108_48,True,True,True
dblp_acyclic_212_09,True,True,True
dblp_acyclic_203_00,False,True,False
dblp_acyclic_214_02,False,True,False
yago_acyclic_star_6_42,True,True,True
epinions_acyclic_209_17,False,False,True
yago_acyclic_chain_9_63,False,True,False
job_acyclic_105_18,True,True,True
epinions_acyclic_211_13,False,False,False
job_acyclic_103_91,True,True,True
yago_acyclic_tree_6_20,False,True,False
job_acyclic_105_12,True,True,True
dblp_acyclic_206_02,True,True,True
job_acyclic_103_26,True,True,True
epinions_acyclic_211_09,False,False,True
watdiv_acyclic_212_03,True,True,True
yago_acyclic_chain_9_08,False,False,False
watdiv_acyclic_208_10,True,True,True
watdiv_acyclic_207_04,False,False,True
dblp_acyclic_213_13,False,True,False
epinions_acyclic_217_03,False,False,False
watdiv_acyclic_202_03,False,False,True
watdiv_acyclic_201_08,True,True,True
yago_acyclic_chain_12_15,True,True,True
watdiv_acyclic_204_15,False,True,False
watdiv_acyclic_207_16,False,False,True
epinions_acyclic_218_14,False,False,False
dblp_acyclic_205_02,False,True,False
watdiv_acyclic_202_05,True,True,True
watdiv_acyclic_216_19,False,True,False
job_acyclic_108_57,False,True,False
dblp_acyclic_203_08,False,True,False
job_acyclic_105_36,True,True,True
epinions_acyclic_218_19,False,False,False
watdiv_acyclic_203_05,False,True,False
dblp_acyclic_203_10,False,False,True
job_acyclic_102_30,True,True,True
job_acyclic_103_65,True,True,True
watdiv_acyclic_217_02,False,True,False
epinions_acyclic_218_07,False,False,True
yago_acyclic_chain_12_24,False,True,False
watdiv_acyclic_201_18,True,True,True
job_acyclic_102_62,True,True,True
epinions_acyclic_218_09,False,False,False
dblp_acyclic_201_13,True,True,True
job_acyclic_105_06,True,True,True
watdiv_acyclic_211_11,False,False,False
watdiv_acyclic_208_17,True,True,True
watdiv_acyclic_203_06,True,True,True
watdiv_acyclic_209_17,True,True,True
job_acyclic_105_66,True,True,True
yago_acyclic_chain_6_37,False,True,False
watdiv_acyclic_201_13,True,True,True
dblp_acyclic_218_18,False,True,False
dblp_acyclic_204_06,False,False,False
epinions_acyclic_203_01,False,False,True
yago_acyclic_star_6_51,True,True,True
yago_acyclic_tree_6_52,False,True,False
dblp_acyclic_215_13,False,True,False
dblp_acyclic_213_19,False,True,False
watdiv_acyclic_213_09,False,False,True
watdiv_acyclic_213_16,True,True,True
job_acyclic_103_54,True,True,True
watdiv_acyclic_207_13,True,True,True
watdiv_acyclic_202_10,True,True,True
yago_acyclic_chain_9_58,False,True,False
yago_acyclic_tree_6_78,False,True,False
watdiv_acyclic_217_09,False,True,False
dblp_acyclic_215_03,False,False,False
job_acyclic_103_83,True,True,True
dblp_acyclic_209_09,False,True,False
yago_acyclic_tree_6_40,False,True,False
watdiv_acyclic_202_16,False,True,False
job_acyclic_102_93,True,True,True
yago_acyclic_star_6_17,True,True,True
dblp_acyclic_214_01,False,False,False
watdiv_acyclic_214_03,True,True,True
epinions_acyclic_205_10,False,False,False
yago_acyclic_chain_9_01,False,False,False
watdiv_acyclic_213_05,True,True,True
dblp_acyclic_210_03,False,True,False
yago_acyclic_star_6_52,True,True,True
dblp_acyclic_203_02,False,True,False
epinions_acyclic_211_16,False,False,False
job_acyclic_108_41,False,True,False
yago_acyclic_chain_6_40,False,False,True
job_acyclic_108_40,False,True,False
epinions_acyclic_210_13,False,False,False
job_acyclic_105_23,True,True,True
job_acyclic_102_54,True,True,True
job_acyclic_107_21,False,True,False
job_acyclic_108_46,True,True,True
watdiv_acyclic_208_06,False,True,False
dblp_acyclic_201_06,True,True,True
epinions_acyclic_210_19,False,False,False
watdiv_acyclic_213_03,True,True,True
job_acyclic_103_99,True,True,True
epinions_acyclic_211_02,False,False,True
dblp_acyclic_218_14,False,True,False
epinions_acyclic_217_19,False,False,False
epinions_acyclic_217_12,False,False,True
epinions_acyclic_217_02,False,False,True
dblp_acyclic_213_10,False,True,False
watdiv_acyclic_214_00,True,True,True
epinions_acyclic_205_09,False,False,False
job_acyclic_109_69,True,True,True
watdiv_acyclic_215_13,False,False,True
job_acyclic_108_90,True,True,True
job_acyclic_108_47,False,True,False
job_acyclic_102_38,True,True,True
watdiv_acyclic_202_18,True,True,True
job_acyclic_103_73,True,True,True
job_acyclic_103_49,True,True,True
job_acyclic_105_63,True,True,True
watdiv_acyclic_218_03,False,True,False
epinions_acyclic_203_11,False,True,False
yago_acyclic_chain_9_31,False,False,False
job_acyclic_103_84,True,True,True
watdiv_acyclic_207_11,False,True,False
job_acyclic_108_58,True,True,True
dblp_acyclic_204_11,False,False,False
job_acyclic_110_02,False,True,False
watdiv_acyclic_201_02,True,True,True
watdiv_acyclic_214_12,False,True,False
watdiv_acyclic_212_12,True,True,True
dblp_acyclic_209_06,False,True,False
yago_acyclic_star_6_62,True,True,True
job_acyclic_111_19,False,True,False
epinions_acyclic_209_19,False,False,True
dblp_acyclic_208_00,False,True,False
dblp_acyclic_215_15,False,False,True
dblp_acyclic_207_13,False,True,False
job_acyclic_108_14,True,True,True
dblp_acyclic_204_04,False,True,False
yago_acyclic_chain_6_02,False,False,True
watdiv_acyclic_206_04,True,True,True
epinions_acyclic_211_12,False,False,True
job_acyclic_105_46,True,True,True
yago_acyclic_chain_6_21,False,False,False
job_acyclic_103_34,True,True,True
dblp_acyclic_208_13,False,True,False
dblp_acyclic_214_19,False,True,False
job_acyclic_103_39,True,True,True
epinions_acyclic_217_08,False,False,False
epinions_acyclic_217_14,False,False,False
watdiv_acyclic_206_09,True,True,True
dblp_acyclic_215_11,False,True,False
watdiv_acyclic_214_06,False,True,False
dblp_acyclic_216_19,False,True,False
dblp_acyclic_206_16,True,True,True
epinions_acyclic_203_10,False,False,True
watdiv_acyclic_208_19,True,True,True
job_acyclic_108_81,True,True,True
yago_acyclic_chain_9_67,False,False,False
yago_acyclic_tree_6_37,False,True,False
epinions_acyclic_205_11,False,False,False
watdiv_acyclic_211_04,False,True,False
watdiv_acyclic_202_15,False,True,False
watdiv_acyclic_207_05,False,True,False
epinions_acyclic_208_00,False,True,False
yago_acyclic_star_6_38,True,True,True
dblp_acyclic_204_18,False,True,False
yago_acyclic_chain_12_03,False,False,False
yago_acyclic_chain_9_19,False,True,False
dblp_acyclic_210_09,True,True,True
job_acyclic_103_02,True,True,True
job_acyclic_103_08,True,True,True
yago_acyclic_chain_6_31,False,True,False
job_acyclic_107_20,False,True,False
yago_acyclic_star_6_21,True,True,True
yago_acyclic_chain_6_53,True,True,True
epinions_acyclic_205_19,False,False,True
epinions_acyclic_210_00,False,False,True
watdiv_acyclic_208_02,False,True,False
epinions_acyclic_204_16,False,True,False
epinions_acyclic_218_10,False,False,False
job_acyclic_105_83,True,True,True
yago_acyclic_star_6_57,True,True,True
watdiv_acyclic_205_15,False,True,False
yago_acyclic_tree_6_15,False,True,False
dblp_acyclic_207_11,False,True,False
yago_acyclic_chain_6_24,False,True,False
job_acyclic_105_00,True,True,True
yago_acyclic_chain_12_27,False,False,False
yago_acyclic_chain_6_59,False,True,False
job_acyclic_109_77,True,True,True
job_acyclic_102_80,True,True,True
job_acyclic_105_71,True,True,True
yago_acyclic_star_6_36,True,True,True
dblp_acyclic_208_01,False,True,False
yago_acyclic_chain_12_36,False,False,False
dblp_acyclic_214_17,False,True,False
job_acyclic_108_09,True,True,True
epinions_acyclic_203_18,False,True,False
job_acyclic_102_92,True,True,True
job_acyclic_105_72,True,True,True
yago_acyclic_tree_6_72,False,True,False
job_acyclic_108_44,True,True,True
yago_acyclic_chain_12_67,False,True,False
epinions_acyclic_205_18,False,False,True
dblp_acyclic_206_05,True,True,True
watdiv_acyclic_213_19,True,True,True
yago_acyclic_chain_6_15,False,False,True
watdiv_acyclic_206_07,True,True,True
epinions_acyclic_211_05,False,False,False
yago_acyclic_star_6_08,True,True,True
yago_acyclic_chain_6_38,False,True,False
yago_acyclic_chain_9_37,False,True,False
job_acyclic_108_20,True,True,True
epinions_acyclic_205_05,False,False,True
watdiv_acyclic_210_11,False,False,False
dblp_acyclic_206_07,True,True,True
epinions_acyclic_208_14,False,False,True
job_acyclic_106_04,True,True,True
yago_acyclic_tree_6_79,True,True,True
job_acyclic_102_51,True,True,True
dblp_acyclic_202_12,False,False,True
watdiv_acyclic_201_03,True,True,True
dblp_acyclic_215_07,False,True,False
dblp_acyclic_202_06,False,True,False
watdiv_acyclic_201_07,True,True,True
job_acyclic_103_66,True,True,True
epinions_acyclic_215_13,False,False,False
job_acyclic_108_66,True,True,True
job_acyclic_103_93,True,True,True
dblp_acyclic_214_03,False,False,False
job_acyclic_102_85,True,True,True
watdiv_acyclic_203_00,True,True,True
watdiv_acyclic_213_08,True,True,True
epinions_acyclic_210_10,False,False,False
yago_acyclic_chain_9_64,False,False,False
watdiv_acyclic_211_07,False,True,False
job_acyclic_108_10,True,True,True
epinions_acyclic_210_17,False,False,False
yago_acyclic_chain_12_26,False,True,False
dblp_acyclic_209_04,False,True,False
dblp_acyclic_215_02,False,True,False
job_acyclic_105_68,True,True,True
yago_acyclic_chain_12_47,True,True,True
dblp_acyclic_215_09,False,False,False
job_acyclic_103_52,True,True,True
dblp_acyclic_208_12,False,True,False
epinions_acyclic_209_02,False,False,True
job_acyclic_109_58,True,True,True
job_acyclic_108_83,True,True,True
yago_acyclic_chain_9_40,False,False,False
epinions_acyclic_217_07,False,False,False
yago_acyclic_chain_9_46,False,False,False
watdiv_acyclic_204_11,False,True,False
job_acyclic_105_62,True,True,True
watdiv_acyclic_215_00,False,False,True
yago_acyclic_chain_9_20,False,False,False
yago_acyclic_star_6_41,True,True,True
yago_acyclic_star_6_71,True,True,True
dblp_acyclic_201_17,True,True,True
yago_acyclic_chain_9_41,False,False,False
yago_acyclic_star_6_63,True,True,True
dblp_acyclic_208_14,False,True,False
yago_acyclic_star_6_58,True,True,True
job_acyclic_105_52,True,True,True
job_acyclic_102_36,True,True,True
yago_acyclic_chain_6_55,False,False,False
epinions_acyclic_217_05,False,False,False
yago_acyclic_star_6_02,True,True,True
yago_acyclic_chain_9_65,False,False,False
job_acyclic_102_29,True,True,True
watdiv_acyclic_213_06,True,True,True
job_acyclic_103_32,True,True,True
watdiv_acyclic_208_11,False,True,False
watdiv_acyclic_210_18,False,False,False
dblp_acyclic_202_09,True,True,True
yago_acyclic_tree_6_26,False,True,False
yago_acyclic_star_6_31,True,True,True
yago_acyclic_chain_6_11,False,False,False
watdiv_acyclic_204_09,False,True,False
job_acyclic_101_08,False,False,True
yago_acyclic_tree_6_71,False,True,False
yago_acyclic_chain_6_03,True,True,True
watdiv_acyclic_217_00,False,False,False
job_acyclic_105_31,True,True,True
yago_acyclic_tree_6_66,False,True,False
job_acyclic_102_64,True,True,True
watdiv_acyclic_207_08,True,True,True
epinions_acyclic_217_15,False,False,False
epinions_acyclic_218_04,False,False,True
job_acyclic_109_84,True,True,True
job_acyclic_105_88,True,True,True
job_acyclic_105_89,True,True,True
epinions_acyclic_204_18,False,False,True
job_acyclic_104_14,True,True,True
yago_acyclic_star_6_06,True,True,True
watdiv_acyclic_204_01,False,True,False
watdiv_acyclic_212_17,True,True,True
dblp_acyclic_212_16,True,True,True
epinions_acyclic_217_06,False,False,False
yago_acyclic_tree_6_62,False,True,False
epinions_acyclic_209_14,False,True,False
yago_acyclic_chain_9_18,True,True,True
dblp_acyclic_214_11,False,True,False
yago_acyclic_chain_12_32,False,False,False
epinions_acyclic_211_15,False,False,False
job_acyclic_102_87,True,True,True
job_acyclic_109_85,True,True,True
dblp_acyclic_207_15,False,False,True
job_acyclic_102_67,True,True,True
job_acyclic_101_06,False,True,False
watdiv_acyclic_205_00,False,True,False
job_acyclic_105_08,True,True,True
watdiv_acyclic_209_01,False,True,False
dblp_acyclic_201_01,True,True,True
job_acyclic_108_26,True,True,True
epinions_acyclic_218_06,False,False,True
dblp_acyclic_206_13,True,True,True
dblp_acyclic_216_16,False,True,False
dblp_acyclic_214_06,False,False,False
job_acyclic_103_38,True,True,True
job_acyclic_105_35,True,True,True
watdiv_acyclic_212_00,True,True,True
job_acyclic_107_19,False,True,False
watdiv_acyclic_205_09,False,True,False
yago_acyclic_star_6_64,True,True,True
dblp_acyclic_204_16,False,True,False
epinions_acyclic_204_06,False,False,False
watdiv_acyclic_204_14,False,True,False
watdiv_acyclic_218_17,False,True,False
dblp_acyclic_216_17,False,True,False
dblp_acyclic_214_09,False,True,False
yago_acyclic_star_6_69,True,True,True
yago_acyclic_chain_9_38,False,False,False
job_acyclic_102_49,True,True,True
yago_acyclic_chain_12_35,False,False,False
yago_acyclic_star_6_24,True,True,True
job_acyclic_108_55,True,True,True
job_acyclic_105_13,True,True,True
watdiv_acyclic_201_11,True,True,True
epinions_acyclic_209_16,False,False,False
job_acyclic_103_94,True,True,True
job_acyclic_107_17,False,True,False
job_acyclic_103_04,True,True,True
watdiv_acyclic_208_09,True,True,True
job_acyclic_105_87,True,True,True
job_acyclic_108_72,True,True,True
dblp_acyclic_214_15,False,True,False
yago_acyclic_chain_12_14,False,True,False
watdiv_acyclic_206_02,True,True,True
yago_acyclic_star_6_56,True,True,True
watdiv_acyclic_212_09,True,True,True
yago_acyclic_chain_12_53,False,True,False
job_acyclic_105_91,True,True,True
yago_acyclic_chain_12_65,False,False,False
job_acyclic_103_62,True,True,True
yago_acyclic_chain_9_33,False,False,True
epinions_acyclic_218_05,False,False,False
watdiv_acyclic_212_08,True,True,True
epinions_acyclic_209_05,False,False,False
yago_acyclic_chain_12_55,False,False,False
epinions_acyclic_211_00,False,False,False
epinions_acyclic_210_01,False,False,True
yago_acyclic_tree_6_65,False,True,False
epinions_acyclic_208_11,False,True,False
